timestamp;Temperatur Zulauf [gC];Druck Zulauf [bar];Druck Konzentrat [bar];Druck Permeat [bar];Durchfluss Zulauf [l/h];Durchfluss Konzentrat [l/h];Durchfluss Permeat [l/h];elekt. Leitfaehigkeit Zulauf [mueS/cm];elekt. Leitfaehigkeit Konzentrat [mueS/cm];elekt. Leitfaehigkeit Permeat [mueS/cm];pH-Wert Zulauf
2025-02-13;13.9;10.5;9.5;0.01;7983;2088;5895;1098;3099.96;7.56;7.2
2025-02-14;13.7;10.4;9.8;0.01;8036;2123;5913;1098;3058.16;7.95;7.2
2025-02-15;13.9;10.3;9.8;0.01;7898;2108;5790;1098;3015.85;7.31;7.2
2025-02-16;13.5;9.1;9.2;0.01;7907;2068;5839;1098;3100.2;7.28;7.2
2025-02-17;13.3;11;9.9;0.01;8075;2309;5766;1098;2741.91;7.54;7.2
2025-02-18;13.9;9.4;9.4;0.01;8060;2267;5793;1098;2805.78;7.51;7.2
2025-02-19;13.7;10.6;9.8;0.01;7897;2242;5655;1098;2769.49;7.83;7.2
2025-02-20;13.1;10.3;9.8;0.01;8098;2150;5948;1098;3037.63;7.16;7.2
2025-02-21;13.1;9.2;8.8;0.01;7908;2122;5786;1098;2993.89;7.05;7.2
2025-02-22;13.2;9.3;9.5;0.01;7953;2250;5703;1098;2783.06;7.74;7.2
2025-02-23;13.6;9.9;9.4;0.01;7903;2140;5763;1098;2956.9;7.36;7.2
2025-02-24;13.2;9.3;9;0.01;8034;2168;5866;1098;2970.88;7.49;7.2
2025-02-25;13;9.8;9.4;0.01;8064;2156;5908;1098;3008.81;7.99;7.2
2025-02-26;13.9;10.8;9.9;0.01;7877;2104;5773;1098;3012.72;7.4;7.2
2025-02-27;13.3;11;10.2;0.01;7931;2294;5637;1098;2698.09;7.25;7.2
2025-02-28;13.7;9.1;9.2;0.01;7961;2045;5916;1098;3176.41;7.46;7.2
2025-03-01;13.3;9.9;9.5;0.01;8032;2256;5776;1098;2811.19;7.22;7.2
2025-03-02;13.1;10.2;9.6;0.01;8083;2345;5738;1098;2686.71;7.53;7.2
2025-03-03;13.5;9.1;9.2;0.01;7948;2004;5944;1098;3256.74;7;7.2
2025-03-04;13.1;10.9;10.2;0.01;8000;2337;5663;1098;2660.66;7.71;7.2
2025-03-05;13.9;9.3;9;0.01;7818;2087;5731;1098;3015.16;7.04;7.2
2025-03-06;13.3;10.7;10;0.01;8009;2329;5680;1098;2677.82;7.64;7.2
2025-03-07;13.5;9.1;8.7;0.01;8047;2397;5650;1098;2588.11;7.28;7.2
2025-03-08;13.6;9.6;9.2;0.01;8058;2294;5764;1098;2758.88;7.14;7.2
2025-03-09;13.1;10.2;9.5;0.01;7866;1995;5871;1098;3231.26;7.11;7.2
2025-03-10;13.3;9.1;9.4;0.01;7879;2301;5578;1098;2661.73;7.31;7.2
2025-03-11;13.1;10.1;9.5;0.01;7841;2076;5765;1098;3049.12;7.55;7.2
2025-03-12;13.7;9.9;9.4;0.01;8066;2328;5738;1098;2706.32;7.21;7.2
2025-03-13;13.1;9.8;9.5;0.01;7994;2340;5654;1098;2653.03;7.11;7.2
2025-03-14;13.8;10.7;9.9;0.01;8045;2289;5756;1098;2761.07;7.82;7.2
2025-03-15;14;9.8;9.5;0.01;7854;2165;5689;1098;2885.23;7.36;7.2
2025-03-16;13.9;10.4;9.8;0.01;7973;2336;5637;1098;2649.58;7.77;7.2
2025-03-17;13.6;9;9.1;0.01;7936;2188;5748;1098;2884.51;7.88;7.2
2025-03-18;13.6;10;9.5;0.01;7991;2235;5756;1098;2827.78;7.42;7.2
2025-03-19;13.3;10.5;9.8;0.01;7930;2284;5646;1098;2714.23;7.45;7.2
2025-03-20;13.3;10.5;9.6;0.01;7907;2234;5673;1098;2788.25;7.14;7.2
2025-03-21;13.6;10;9.5;0.01;7813;2266;5547;1098;2687.82;7.14;7.2
2025-03-22;13.3;10.6;9.7;0.01;7910;2365;5545;1098;2574.38;7.33;7.2
2025-03-23;13.6;10.7;9.7;0.01;7886;2176;5710;1098;2881.24;7.12;7.2
2025-03-24;13.8;10.7;9.5;0.01;7941;2279;5662;1098;2727.9;7.2;7.2
2025-03-25;13.4;10.3;9.8;0.01;8046;2393;5653;1098;2593.81;7.7;7.2
2025-03-26;13.5;9.7;9.5;0.01;7830;2155;5675;1098;2891.48;7.43;7.2
2025-03-27;13;10.6;10.1;0.01;7894;2087;5807;1098;3055.14;7.58;7.2
2025-03-28;13.1;10.6;9.6;0.01;7834;1981;5853;1098;3244.12;7.2;7.2
2025-03-29;13.1;9.6;9.1;0.01;7973;2332;5641;1098;2656.01;7.01;7.2
2025-03-30;13.9;10.6;9.6;0.01;7934;2173;5761;1098;2910.99;7.89;7.2
2025-03-31;13.7;10.4;9.7;0.01;7942;2234;5708;1098;2805.45;7.1;7.2
2025-04-01;13.9;9.6;9.4;0.01;8047;2105;5942;1098;3099.44;7.19;7.2
2025-04-02;13.9;10.3;9.5;0.01;8030;2271;5759;1098;2784.4;7.46;7.2
2025-04-03;13;9.6;9.4;0.01;7943;2141;5802;1098;2975.52;7.7;7.2
2025-04-04;13;10.1;9.5;0.01;7894;2104;5790;1098;3021.59;7.75;7.2
2025-04-05;13.5;9.4;9.5;0.01;8069;2119;5950;1098;3083.11;7.71;7.2
2025-04-06;13.2;10.3;9.7;0.01;7806;2145;5661;1098;2897.8;7.25;7.2
2025-04-07;13.5;10.2;9.6;0.01;7924;2258;5666;1098;2755.21;7.09;7.2
2025-04-08;13.9;11;9.7;0.01;7833;2140;5693;1098;2920.99;7.95;7.2
2025-04-09;14;10.8;10.2;0.01;7966;2202;5764;1098;2874.15;7.82;7.2
2025-04-10;13.5;9.5;9.3;0.01;7893;2275;5618;1098;2711.46;7.87;7.2
2025-04-11;13.7;9.4;9.2;0.01;8099;2198;5901;1098;2947.82;7.84;7.2
2025-04-12;13.1;9.1;9;0.01;7883;2241;5642;1098;2764.35;7.56;7.2
2025-04-13;13.7;9.1;8.9;0.01;7930;2144;5786;1098;2963.17;7.05;7.2
2025-04-14;13.7;9.1;8.7;0.01;7932;2341;5591;1098;2622.35;7.18;7.2
2025-04-15;13.9;9.5;9.3;0.01;7863;2100;5763;1098;3013.23;7.01;7.2
2025-04-16;13.5;10.6;9.7;0.01;7857;2205;5652;1098;2814.47;7.5;7.2
2025-04-17;13;9.6;9.1;0.01;8009;2139;5870;1098;3013.21;7.53;7.2
2025-04-18;13.6;9.4;9.4;0.01;7963;2113;5850;1098;3039.9;7.12;7.2
2025-04-19;13.6;10;9.5;0.01;7850;2207;5643;1098;2807.44;7.78;7.2
2025-04-20;14;10.8;9.8;0.01;7907;2331;5576;1098;2626.53;7.73;7.2
2025-04-21;13.8;9.4;9.4;0.01;7926;2371;5555;1098;2572.5;7.26;7.2
2025-04-22;13.8;10.5;9.9;0.01;8003;2097;5906;1098;3092.41;7.38;7.2
2025-04-23;13.8;9.1;9.4;0.01;8070;2082;5988;1098;3157.94;7.78;7.2
2025-04-24;13.1;10.9;9.5;0.01;7864;2038;5826;1098;3138.84;7.65;7.2
2025-04-25;13.7;9.3;9.3;0.01;7926;2296;5630;1098;2692.4;7.93;7.2
2025-04-26;13.7;9.4;9.4;0.01;7950;2029;5921;1098;3204.17;7.69;7.2
2025-04-27;13.2;9.3;9.3;0.01;7986;2230;5756;1098;2834.12;7.64;7.2
2025-04-28;13.2;9.9;9.4;0.01;8008;2156;5852;1098;2980.29;7.97;7.2
2025-04-29;13.2;10.6;9.8;0.01;7951;2050;5901;1098;3160.63;7.19;7.2
2025-04-30;13.9;9.6;9.2;0.01;8061;2414;5647;1098;2568.52;7.49;7.2
2025-05-01;13.1;10.1;9.5;0.01;7917;2205;5712;1098;2844.34;7.82;7.2
2025-05-02;13.4;9.9;9.5;0.01;7856;2224;5632;1098;2780.55;7.16;7.2
2025-05-03;13;10;9.5;0.01;7978;2319;5659;1098;2679.42;7.56;7.2
2025-05-04;13.8;9.7;9.4;0.01;8096;2117;5979;1098;3101.06;7.27;7.2
2025-05-05;13;10.9;9.8;0.01;8002;2094;5908;1098;3097.89;7.15;7.2
2025-05-06;13.4;10.6;9.9;0.01;7921;2311;5610;1098;2665.42;7.1;7.2
2025-05-07;13.3;10.9;10.2;0.01;7957;2349;5608;1098;2621.36;7.26;7.2
2025-05-08;13.4;9.9;9.5;0.01;8016;2241;5775;1098;2829.52;7.73;7.2
2025-05-09;13.7;9;9.1;0.01;7923;2024;5899;1098;3200.15;7.88;7.2
2025-05-10;14;9;9.2;0.01;7900;2220;5680;1098;2809.3;7.59;7.2
2025-05-11;13.3;9.6;9.4;0.01;7970;2223;5747;1098;2838.6;7.88;7.2
2025-05-12;13.7;9.3;9.1;0.01;7824;2185;5639;1098;2833.69;7.63;7.2
2025-05-13;13.7;11;9.9;0.01;7808;2089;5719;1098;3005.97;7.4;7.2
2025-05-14;13.3;10.1;9.6;0.01;7839;2057;5782;1098;3086.36;7.78;7.2
2025-05-15;13.8;10.4;9.8;0.01;8093;2049;6044;1098;3238.81;7.49;7.2
2025-05-16;13.6;10.4;9.8;0.01;7883;2018;5865;1098;3191.16;7.51;7.2
2025-05-17;13.8;10;9.5;0.01;8007;2250;5757;1098;2809.42;7.65;7.2
2025-05-18;13.3;10.2;9.6;0.01;7943;2377;5566;1098;2571.08;7.62;7.2
2025-05-19;13.4;9.1;9.2;0.01;7839;2081;5758;1098;3038.1;7.51;7.2
2025-05-20;13.7;10.2;9.6;0.01;7857;2047;5810;1098;3116.45;7.7;7.2
2025-05-21;13.6;9;9.3;0.01;7892;2214;5678;1098;2815.92;7.41;7.2
2025-05-22;13.5;9.6;9.4;0.01;7982;2362;5620;1098;2612.51;7.33;7.2
2025-05-23;13.5;10;9.5;0.01;7807;2214;5593;1098;2773.76;7.79;7.2
2025-05-24;13.4;9.6;9.5;0.01;7986;2186;5800;1098;2913.27;7.7;7.2
2025-05-25;13;9.8;9.5;0.01;7852;2244;5608;1098;2744.02;7.51;7.2
2025-05-26;13.5;10.6;9.8;0.01;7958;2130;5828;1098;3004.29;7.32;7.2
2025-05-27;13.2;9.5;9;0.01;8003;2216;5787;1098;2867.39;7.76;7.2
2025-05-28;13.5;9.4;9.1;0.01;7800;2267;5533;1098;2679.86;7.51;7.2
2025-05-29;13.7;10.1;9.5;0.01;8099;2256;5843;1098;2843.8;7.62;7.2
2025-05-30;13.2;9.1;8.7;0.01;8094;2251;5843;1098;2850.12;7.61;7.2
2025-05-31;14;10;9.5;0.01;8041;2113;5928;1098;3080.43;7.72;7.2
2025-06-01;13.7;10.7;9.5;0.01;7941;2181;5760;1098;2899.81;7.49;7.2
2025-06-02;13.4;9.1;8.7;0.01;7883;2198;5685;1098;2839.91;7.82;7.2
2025-06-03;13;9.9;9.5;0.01;7900;2274;5626;1098;2716.51;7.02;7.2
2025-06-04;13.6;10.2;9.5;0.01;7944;2280;5664;1098;2727.66;7.76;7.2
2025-06-05;13;9.8;9.5;0.01;7813;2024;5789;1098;3140.48;7.26;7.2
2025-06-06;13.4;9.1;9;0.01;7919;2018;5901;1098;3210.75;7.35;7.2
2025-06-07;13.4;10.4;9.7;0.01;8014;2068;5946;1098;3157.02;7.04;7.2
2025-06-08;13.9;10.1;9.6;0.01;7808;1970;5838;1098;3253.87;7.82;7.2
2025-06-09;13.1;9.9;9.4;0.01;7906;2168;5738;1098;2906.05;7.3;7.2
2025-06-10;13.8;10.3;9.5;0.01;8007;2054;5953;1098;3182.28;7.91;7.2
2025-06-11;13.9;10.1;9.5;0.01;8022;2276;5746;1098;2772.02;7.2;7.2
2025-06-12;13.1;9.5;9.3;0.01;7962;2052;5910;1098;3162.37;7.03;7.2
2025-06-13;13.4;10.1;9.5;0.01;7851;2183;5668;1098;2850.88;7.78;7.2
2025-06-14;13.8;10.9;10;0.01;7944;2209;5735;1098;2850.62;7.47;7.2
2025-06-15;13.5;10.4;9.5;0.01;8031;2305;5726;1098;2727.61;7.04;7.2
2025-06-16;13.6;10.7;10.1;0.01;8058;2331;5727;1098;2697.66;7.3;7.2
2025-06-17;13.7;9.3;8.8;0.01;8026;2129;5897;1098;3041.29;7.01;7.2
2025-06-18;13.8;9.6;9.4;0.01;7872;2316;5556;1098;2634.06;7.4;7.2
2025-06-19;13.2;9.7;9.4;0.01;7876;2094;5782;1098;3031.82;7.83;7.2
2025-06-20;13;10.2;9.5;0.01;7841;2080;5761;1098;3041.14;7.89;7.2
2025-06-21;14;9;8.6;0.01;7852;2069;5783;1098;3068.99;7.81;7.2
2025-06-22;13.9;10.2;9.5;0.01;8014;2321;5693;1098;2693.2;7.34;7.2
2025-06-23;14;9.9;9.4;0.01;8013;2346;5667;1098;2652.33;7.35;7.2
2025-06-24;13.9;10.2;9.6;0.01;7967;2332;5635;1098;2653.19;7.08;7.2
2025-06-25;13.1;9;8.7;0.01;7987;2096;5891;1098;3086.03;7.6;7.2
2025-06-26;13.3;9.1;9.4;0.01;8022;2089;5933;1098;3118.45;7.53;7.2
2025-06-27;13.2;11;9.5;0.01;7848;2138;5710;1098;2932.45;7.14;7.2
2025-06-28;13.1;9.7;9.3;0.01;7913;2058;5855;1098;3123.8;7.19;7.2
2025-06-29;13.4;10.4;9.9;0.01;7867;2224;5643;1098;2785.98;7.17;7.2
2025-06-30;13.1;10.1;9.5;0.01;7917;2146;5771;1098;2952.73;7.37;7.2
2025-07-01;13.7;10.2;9.6;0.01;7801;2284;5517;1098;2652.22;7.51;7.2
2025-07-02;13.7;9.9;9.5;0.01;7858;2332;5526;1098;2601.86;7.57;7.2
2025-07-03;13.8;9.6;9.4;0.01;7820;2091;5729;1098;3008.34;7.77;7.2
2025-07-04;13.8;9.4;9.5;0.01;7802;2155;5647;1098;2877.22;7.64;7.2
2025-07-05;13.9;10.7;10.2;0.01;7801;2087;5714;1098;3006.22;7.85;7.2
2025-07-06;13.6;9.3;9.4;0.01;8092;2275;5817;1098;2807.5;7.9;7.2
2025-07-07;14;10.1;9.5;0.01;7950;1991;5959;1098;3286.28;7.25;7.2
2025-07-08;13.4;10.7;10.2;0.01;8099;2076;6023;1098;3185.58;7.33;7.2
2025-07-09;13.9;10;9.5;0.01;7868;2203;5665;1098;2823.5;7.68;7.2
2025-07-10;13.8;9.1;9.4;0.01;7997;2228;5769;1098;2843.07;7.52;7.2
2025-07-11;13.9;9.1;8.8;0.01;8093;2343;5750;1098;2694.62;7.73;7.2
2025-07-12;13.9;9.3;9.4;0.01;8083;2023;6060;1098;3289.12;7.85;7.2
2025-07-13;14;9.6;9.2;0.01;7882;2135;5747;1098;2955.6;7.69;7.2
2025-07-14;13.5;10.2;9.7;0.01;7849;2263;5586;1098;2710.31;7.68;7.2
2025-07-15;13.8;10.1;9.5;0.01;7866;2330;5536;1098;2608.81;7.72;7.2
2025-07-16;13.8;9.2;9;0.01;7803;2105;5698;1098;2972.16;7.12;7.2
2025-07-17;13.7;9.4;8.9;0.01;7983;2112;5871;1098;3052.25;7.69;7.2
2025-07-18;13.5;9;8.9;0.01;7802;2013;5789;1098;3157.64;7.11;7.2
2025-07-19;13.3;10.4;9.8;0.01;7814;2332;5482;1098;2581.15;7.32;7.2
2025-07-20;13.4;10.6;9.5;0.01;7994;2391;5603;1098;2573.02;7.67;7.2
2025-07-21;13.2;10.6;9.8;0.01;7966;2107;5859;1098;3053.24;7.09;7.2
2025-07-22;13.5;10.8;9.7;0.01;8084;2084;6000;1098;3161.23;7.5;7.2
2025-07-23;14;10.5;9.6;0.01;7959;2048;5911;1098;3169.08;7.45;7.2
2025-07-24;13.7;9.3;9.4;0.01;8095;2200;5895;1098;2942.14;7.66;7.2
2025-07-25;13.6;9.2;9.4;0.01;7857;2235;5622;1098;2761.95;7.1;7.2
2025-07-26;14;10.7;9.7;0.01;7981;2125;5856;1098;3025.83;7.3;7.2
2025-07-27;13;9.8;9.3;0.01;8036;2163;5873;1098;2981.3;7.65;7.2
2025-07-28;14;10.2;9.7;0.01;8085;2193;5892;1098;2950.03;7.19;7.2
2025-07-29;13.9;10.4;9.7;0.01;7918;2157;5761;1098;2932.58;7.29;7.2
2025-07-30;13.2;9.4;9.2;0.01;7981;2057;5924;1098;3162.15;7.47;7.2
2025-07-31;14;9.4;9;0.01;7858;2067;5791;1098;3076.21;7.27;7.2
2025-08-01;13.5;10.7;9.5;0.01;7913;2065;5848;1098;3109.49;7.67;7.2
2025-08-02;13.7;9.1;8.6;0.01;7881;2190;5691;1098;2853.3;7.47;7.2
2025-08-03;13.5;10;9.5;0.01;8014;2262;5752;1098;2792.08;7.67;7.2
2025-08-04;13.8;9;9.3;0.01;8097;2342;5755;1098;2698.12;7.51;7.2
2025-08-05;13.9;9.6;9.2;0.01;7808;2095;5713;1098;2994.21;7.78;7.2
2025-08-06;13.8;10.2;9.5;0.01;8013;2273;5740;1098;2772.78;7.08;7.2
2025-08-07;13.5;9.1;9.4;0.01;7947;2371;5576;1098;2582.22;7.21;7.2
2025-08-08;13.6;9.1;9.3;0.01;7994;2294;5700;1098;2728.25;7.17;7.2
2025-08-09;13.5;10.5;10;0.01;7952;2000;5952;1098;3267.65;7.3;7.2
2025-08-10;13.2;10.1;9.6;0.01;7822;2076;5746;1098;3039.07;7.6;7.2
2025-08-11;13;9.5;9.1;0.01;7920;2308;5612;1098;2669.83;7.83;7.2
2025-08-12;13.6;10.2;9.7;0.01;8081;2135;5946;1098;3057.94;7.56;7.2
2025-08-13;13.8;9.4;9.1;0.01;7917;2085;5832;1098;3071.24;7.02;7.2
2025-08-14;13.3;10.7;9.7;0.01;7977;2103;5874;1098;3066.88;7.67;7.2
2025-08-15;13.7;10.2;9.6;0.01;7918;2066;5852;1098;3110.11;7.9;7.2
2025-08-16;13.7;10.8;9.6;0.01;7982;2274;5708;1098;2756.11;7.48;7.2
2025-08-17;13;9.7;9.4;0.01;7986;2215;5771;1098;2860.75;7.27;7.2
2025-08-18;13.9;10.2;9.6;0.01;8077;2257;5820;1098;2831.35;7.74;7.2
2025-08-19;14;10.8;9.8;0.01;7989;2073;5916;1098;3133.51;7.64;7.2
2025-08-20;13.7;9.7;9.3;0.01;7843;2166;5677;1098;2877.81;7.19;7.2
2025-08-21;13.4;10.5;9.8;0.01;7869;2142;5727;1098;2935.69;7.79;7.2
2025-08-22;13.8;10;9.5;0.01;8033;2089;5944;1098;3124.23;7.24;7.2
2025-08-23;13.5;9.3;9.1;0.01;8085;2119;5966;1098;3091.4;7.54;7.2
2025-08-24;13;9.6;9.4;0.01;7853;1985;5868;1098;3245.88;7.58;7.2
2025-08-25;13.7;10.7;9.8;0.01;7904;2148;5756;1098;2942.31;7.56;7.2
2025-08-26;13.4;9.8;9.4;0.01;7933;2122;5811;1098;3006.82;7.92;7.2
2025-08-27;13.5;10.5;9.7;0.01;7870;2252;5618;1098;2739.15;7.94;7.2
2025-08-28;13;9.3;9.1;0.01;7924;2291;5633;1098;2699.71;7.78;7.2
2025-08-29;13.9;9.3;9.2;0.01;8046;2210;5836;1098;2899.51;7.78;7.2
2025-08-30;13.8;9.5;9.4;0.01;8091;2051;6040;1098;3233.51;7.89;7.2
2025-08-31;14;10.8;10;0.01;7968;2260;5708;1098;2773.18;7.95;7.2
2025-09-01;13.3;10.4;9.7;0.01;8020;2286;5734;1098;2754.13;7.97;7.2
2025-09-02;13.2;9;9.3;0.01;7827;2229;5598;1098;2757.56;7.74;7.2
2025-09-03;13.7;9.1;9.3;0.01;7961;2217;5744;1098;2844.8;7.18;7.2
2025-09-04;13.5;9.4;8.9;0.01;7972;2156;5816;1098;2961.95;7.55;7.2
2025-09-05;13.5;10.9;9.9;0.01;8005;2273;5732;1098;2768.91;7.49;7.2
2025-09-06;13.1;10.7;10;0.01;8074;2340;5734;1098;2690.57;7.22;7.2
2025-09-07;13.4;9.9;9.4;0.01;8060;2230;5830;1098;2870.56;7.01;7.2
2025-09-08;13.8;10.4;9.6;0.01;8072;2164;5908;1098;2997.68;7.31;7.2
2025-09-09;13.6;9.9;9.5;0.01;8057;2128;5929;1098;3059.23;7.33;7.2
2025-09-10;13;10.1;9.5;0.01;7819;2064;5755;1098;3061.53;7.54;7.2
2025-09-11;13;9.1;9.4;0.01;7920;2094;5826;1098;3054.89;7.74;7.2
2025-09-12;13;9.7;9.3;0.01;7986;2171;5815;1098;2940.98;7.28;7.2
2025-09-13;13.9;10.1;9.6;0.01;7843;2046;5797;1098;3111;7.03;7.2
2025-09-14;13.6;9.1;8.8;0.01;7874;2050;5824;1098;3119.39;7.36;7.2
2025-09-15;13.1;9.1;8.8;0.01;7858;2190;5668;1098;2841.76;7.93;7.2
2025-09-16;13.3;9.7;9.4;0.01;7834;1982;5852;1098;3241.93;7.15;7.2
2025-09-17;13.9;9.9;9.5;0.01;8094;2273;5821;1098;2811.9;7.57;7.2
2025-09-18;13.4;9.6;9.5;0.01;8065;2060;6005;1098;3200.72;7.54;7.2
2025-09-19;13.5;10.2;9.7;0.01;7910;2188;5722;1098;2871.46;7.96;7.2
2025-09-20;13.3;10.6;9.6;0.01;7962;2258;5704;1098;2773.69;7.93;7.2
2025-09-21;13.7;9.3;8.8;0.01;8095;2137;5958;1098;3061.25;7.78;7.2
2025-09-22;13.6;9.1;9.4;0.01;7906;1995;5911;1098;3253.27;7.1;7.2
2025-09-23;13.3;9.7;9.4;0.01;7877;2231;5646;1098;2778.71;7.7;7.2
2025-09-24;14;9.5;9.2;0.01;7923;2088;5835;1098;3068.41;7.98;7.2
2025-09-25;13.9;9.2;9;0.01;7808;1983;5825;1098;3225.34;7.18;7.2
2025-09-26;13;10.9;9.9;0.01;8025;2279;5746;1098;2768.37;7.74;7.2
2025-09-27;13.4;9.9;9.4;0.01;7830;2209;5621;1098;2793.96;7.6;7.2
2025-09-28;13.3;10.3;9.7;0.01;8078;2128;5950;1098;3070.07;7.93;7.2
2025-09-29;13.2;10.8;9.6;0.01;8059;2088;5971;1098;3139.92;7.23;7.2
2025-09-30;13.9;9.5;9;0.01;7975;2303;5672;1098;2704.24;7.19;7.2
2025-10-01;13.6;9.6;9.2;0.01;8041;2143;5898;1098;3021.93;7.24;7.2
2025-10-02;13.9;10.6;9.6;0.01;7906;2012;5894;1098;3216.51;7.04;7.2
2025-10-03;13.6;10.6;9.8;0.01;7892;2189;5703;1098;2860.62;7.31;7.2
2025-10-04;13.2;10.4;9.6;0.01;8085;2340;5745;1098;2695.73;8;7.2
2025-10-05;13.3;9.5;9.4;0.01;8074;2110;5964;1098;3103.54;7.1;7.2
2025-10-06;13.1;9.4;9.4;0.01;7805;2167;5638;1098;2856.73;7.07;7.2
2025-10-07;13.7;10.1;9.5;0.01;8053;2214;5839;1098;2895.76;7.41;7.2
2025-10-08;13.6;9.9;9.5;0.01;7959;2261;5698;1098;2767.1;7.01;7.2
2025-10-09;13.1;9.3;9.1;0.01;7821;2169;5652;1098;2861.18;7.63;7.2
2025-10-10;13.7;9;9.4;0.01;8001;2334;5667;1098;2665.97;7.69;7.2
2025-10-11;13.8;9.3;9.2;0.01;8031;2172;5859;1098;2961.87;7.67;7.2
2025-10-12;13.8;10.9;9.7;0.01;7918;2058;5860;1098;3126.47;7.3;7.2
2025-10-13;13.5;10.6;9.5;0.01;7962;2297;5665;1098;2707.95;7.21;7.2
2025-10-14;13.4;9.1;8.9;0.01;7851;1972;5879;1098;3273.4;7.96;7.2
2025-10-15;13;10.1;9.6;0.01;7986;2061;5925;1098;3156.55;7.5;7.2
2025-10-16;13.2;10.5;9.8;0.01;8043;2029;6014;1098;3254.5;7.26;7.2
2025-10-17;13.2;9.1;9.1;0.01;7912;2223;5689;1098;2809.95;7.03;7.2
2025-10-18;13.4;10.1;9.6;0.01;7870;2024;5846;1098;3171.4;7.44;7.2
2025-10-19;13.4;9.1;8.7;0.01;7973;2222;5751;1098;2841.85;7.17;7.2
2025-10-20;13.4;9.1;8.7;0.01;8023;2111;5912;1098;3075.02;7.84;7.2
2025-10-21;13.1;9.2;9.3;0.01;7924;2056;5868;1098;3133.79;7.63;7.2
2025-10-22;13.4;9.2;9;0.01;8000;2300;5700;1098;2721.13;7.2;7.2
2025-10-23;13.9;10.4;9.8;0.01;7847;2095;5752;1098;3014.65;7.84;7.2
2025-10-24;13.8;10;9.5;0.01;7837;2113;5724;1098;2974.42;7.78;7.2
2025-10-25;13.1;10.6;9.8;0.01;7804;1963;5841;1098;3267.15;7.31;7.2
2025-10-26;13.2;9.4;9.1;0.01;7928;2230;5698;1098;2805.56;7.9;7.2
2025-10-27;13.8;9.5;9.5;0.01;8036;2173;5863;1098;2962.53;7.87;7.2
2025-10-28;13.2;9.1;9;0.01;7837;2328;5509;1098;2598.32;7.76;7.2
2025-10-29;13.7;10.1;9.5;0.01;8021;2113;5908;1098;3070.04;7.53;7.2
2025-10-30;13.1;10.6;9.6;0.01;7989;2358;5631;1098;2622.07;7.05;7.2
2025-10-31;13;10.7;9.8;0.01;7835;2122;5713;1098;2956.11;7.86;7.2
2025-11-01;13.4;9.7;9.2;0.01;7983;2389;5594;1098;2571.04;7.5;7.2
2025-11-02;13.8;9.2;9.3;0.01;8020;2068;5952;1098;3160.2;7.09;7.2
2025-11-03;13.5;10.8;10;0.01;7859;2321;5538;1098;2619.87;7.23;7.2
2025-11-04;13.8;10.6;9.8;0.01;7978;2269;5709;1098;2762.66;7.31;7.2
2025-11-05;13;10.3;9.7;0.01;8010;2244;5766;1098;2821.33;7.91;7.2
2025-11-06;13.1;10.1;9.5;0.01;8092;2047;6045;1098;3242.51;7.2;7.2
2025-11-07;13.8;10.7;9.7;0.01;8030;2356;5674;1098;2644.33;7.97;7.2
2025-11-08;13.1;9.1;8.9;0.01;7832;2192;5640;1098;2825.15;7.6;7.2
2025-11-09;13.2;10.6;9.6;0.01;7839;2191;5648;1098;2830.44;7.1;7.2
2025-11-10;13.4;10.9;9.7;0.01;8008;2260;5748;1098;2792.61;7.75;7.2
2025-11-11;13.4;9.9;9.4;0.01;7992;2145;5847;1098;2993.01;7.87;7.2
2025-11-12;13.8;9;9.5;0.01;7888;2099;5789;1098;3028.26;7.63;7.2
2025-11-13;13.3;9.6;9.3;0.01;8068;2229;5839;1098;2876.28;7.83;7.2
2025-11-14;13.1;9.3;9.2;0.01;7989;2235;5754;1098;2826.8;7.19;7.2
2025-11-15;13.3;10.8;9.7;0.01;7985;2383;5602;1098;2581.2;7.28;7.2
2025-11-16;13.9;10.2;9.5;0.01;7954;2250;5704;1098;2783.55;7.41;7.2
2025-11-17;13.9;10.7;10.1;0.01;7926;2000;5926;1098;3253.37;7.75;7.2
2025-11-18;13.3;9.8;9.3;0.01;8030;2306;5724;1098;2725.48;7.19;7.2
2025-11-19;13.4;11;9.8;0.01;7973;2029;5944;1098;3216.62;7.1;7.2
2025-11-20;13.5;10.7;9.8;0.01;8091;2256;5835;1098;2839.91;7.3;7.2
2025-11-21;13.1;10.4;9.8;0.01;8036;2034;6002;1098;3240.02;7.9;7.2
2025-11-22;13.3;10.8;10.2;0.01;7963;2180;5783;1098;2912.72;7.82;7.2
2025-11-23;13.4;10.4;9.6;0.01;8066;2337;5729;1098;2691.67;7.04;7.2
2025-11-24;13.4;9.3;9.1;0.01;8061;2208;5853;1098;2910.6;7.95;7.2
2025-11-25;13;10.3;9.5;0.01;8093;2076;6017;1098;3182.4;7.98;7.2
2025-11-26;13.3;9.3;9.3;0.01;7983;2000;5983;1098;3284.67;7.57;7.2
2025-11-27;13.2;10.2;9.5;0.01;7855;2006;5849;1098;3201.5;7.25;7.2
2025-11-28;13.7;10;9.5;0.01;8076;2069;6007;1098;3187.86;7.51;7.2
2025-11-29;13.8;9.4;9.3;0.01;7934;2083;5851;1098;3084.2;7.72;7.2
2025-11-30;13.7;9.7;9.2;0.01;7979;2386;5593;1098;2573.81;7.15;7.2
2025-12-01;13.9;10.9;9.7;0.01;8049;2198;5851;1098;2922.84;7.62;7.2
2025-12-02;13.1;9.3;8.9;0.01;7893;2202;5691;1098;2837.75;7.98;7.2
2025-12-03;13.4;9.2;9.1;0.01;7845;2016;5829;1098;3174.72;7.03;7.2
2025-12-04;13.3;9.8;9.4;0.01;7949;2276;5673;1098;2736.8;7.32;7.2
2025-12-05;13.1;9.6;9.4;0.01;7870;2232;5638;1098;2773.53;7.16;7.2
2025-12-06;13.5;9.8;9.3;0.01;8060;2107;5953;1098;3102.23;7.5;7.2
2025-12-07;13.5;10.2;9.6;0.01;7888;2047;5841;1098;3133.08;7.06;7.2
2025-12-08;13.3;10.8;9.7;0.01;7930;2037;5893;1098;3176.49;7.86;7.2
2025-12-09;13.1;9.6;9.4;0.01;7804;2277;5527;1098;2665.19;7.14;7.2
2025-12-10;13.2;9;9.3;0.01;8000;2214;5786;1098;2869.48;7.36;7.2
2025-12-11;13.1;9.3;9;0.01;8019;2238;5781;1098;2836.25;7.54;7.2
2025-12-12;13.3;11;9.9;0.01;7868;2032;5836;1098;3153.51;7.81;7.2
2025-12-13;13.9;9.7;9.4;0.01;7962;2192;5770;1098;2890.26;7.26;7.2
2025-12-14;13.7;9.9;9.4;0.01;7879;2190;5689;1098;2852.29;8;7.2
2025-12-15;13.1;9.3;8.8;0.01;7854;1975;5879;1098;3268.43;7.41;7.2
2025-12-16;13.1;10.6;9.9;0.01;7867;2139;5728;1098;2940.32;7.76;7.2
2025-12-17;13.8;10.8;10.1;0.01;7969;2076;5893;1098;3116.82;7.84;7.2
2025-12-18;13.5;10.4;9.6;0.01;7971;1995;5976;1098;3289.05;7.17;7.2
2025-12-19;13.8;10.9;9.8;0.01;7901;2147;5754;1098;2942.66;7.42;7.2
2025-12-20;13;9;8.6;0.01;7806;2040;5766;1098;3103.46;7.04;7.2
2025-12-21;13;9.1;8.7;0.01;8083;2407;5676;1098;2589.22;7.85;7.2
2025-12-22;14;10.8;10.1;0.01;7931;2225;5706;1098;2815.81;7.02;7.2
2025-12-23;13.2;9.1;9.5;0.01;7801;2156;5645;1098;2874.87;7.9;7.2
2025-12-24;13.4;10.8;9.6;0.01;8005;2064;5941;1098;3160.47;7.51;7.2
2025-12-25;13.2;9.3;9.4;0.01;7945;2300;5645;1098;2694.87;7.82;7.2
2025-12-26;13.7;10.1;9.5;0.01;7957;2183;5774;1098;2904.19;7.09;7.2
2025-12-27;13.4;9.5;9.1;0.01;7896;2225;5671;1098;2798.54;7.94;7.2
2025-12-28;13.7;9.8;9.4;0.01;7948;2289;5659;1098;2714.54;7.81;7.2
2025-12-29;13.7;9.4;9;0.01;7916;2331;5585;1098;2630.77;7.98;7.2
2025-12-30;13.6;10.5;10;0.01;8043;2250;5793;1098;2826.98;7.58;7.2
2025-12-31;13;10;9.5;0.01;7851;2209;5642;1098;2804.4;7.88;7.2
2026-01-01;13.8;10.7;9.5;0.01;7972;2098;5874;1098;3074.19;7.73;7.2
2026-01-02;13.7;10.3;9.8;0.01;8041;2220;5821;1098;2879.04;7.09;7.2
2026-01-03;13.4;9.5;9.2;0.01;8035;2277;5758;1098;2776.58;7.71;7.2
2026-01-04;14;10.3;9.7;0.01;7945;2152;5793;1098;2955.72;7.58;7.2
2026-01-05;13.8;10.4;9.8;0.01;7856;2029;5827;1098;3153.3;7.92;7.2
2026-01-06;13.8;9.5;9.3;0.01;7895;2301;5594;1098;2669.37;7.83;7.2
2026-01-07;13.2;9.8;9.5;0.01;8005;2396;5609;1098;2570.4;7.6;7.2
2026-01-08;13.2;10.8;10.2;0.01;7802;2199;5603;1098;2797.68;7.05;7.2
2026-01-09;13.8;9.9;9.5;0.01;7885;2024;5861;1098;3179.53;7.15;7.2
2026-01-10;13.1;10.2;9.6;0.01;7973;2002;5971;1098;3274.8;7.31;7.2
2026-01-11;13.8;9.9;9.5;0.01;7846;2287;5559;1098;2668.9;7.25;7.2
2026-01-12;13.3;9.9;9.4;0.01;7927;2307;5620;1098;2674.8;7.66;7.2
2026-01-13;13;9.5;9.3;0.01;7952;2149;5803;1098;2964.96;7.74;7.2
2026-01-14;13.9;9.3;8.9;0.01;7845;2027;5818;1098;3151.54;7.64;7.2
2026-01-15;13.7;10.5;9.5;0.01;8024;2202;5822;1098;2903.07;7.32;7.2
2026-01-16;13.5;10.8;9.8;0.01;8072;2214;5858;1098;2905.19;7.45;7.2
2026-01-17;13.6;10.2;9.6;0.01;8041;2265;5776;1098;2800.02;7.96;7.2
2026-01-18;13.7;9.8;9.4;0.01;8051;2020;6031;1098;3278.24;7.03;7.2
2026-01-19;13.4;9.2;9.3;0.01;8099;2025;6074;1098;3293.46;7.35;7.2
2026-01-20;13.4;9.6;9.4;0.01;7874;2156;5718;1098;2912.04;7.22;7.2
2026-01-21;14;10.1;9.6;0.01;7808;1957;5851;1098;3282.78;7.91;7.2
2026-01-22;14;10;9.5;0.01;8085;2108;5977;1098;3113.26;7.72;7.2
2026-01-23;13.8;9.9;9.5;0.01;8011;2066;5945;1098;3159.54;7.38;7.2
2026-01-24;13.2;9;9;0.01;8032;2131;5901;1098;3040.5;7.73;7.2
2026-01-25;13.2;10.2;9.6;0.01;7913;2099;5814;1098;3041.34;7.89;7.2
2026-01-26;13.8;10.8;9.9;0.01;7970;2243;5727;1098;2803.5;7.53;7.2
2026-01-27;14;10.7;9.6;0.01;7907;2238;5669;1098;2781.31;7.74;7.2
2026-01-28;13.7;10.7;10.2;0.01;7835;2126;5709;1098;2948.49;7.15;7.2
2026-01-29;13.1;10.8;9.9;0.01;8092;2308;5784;1098;2751.66;7.12;7.2
2026-01-30;13;10.2;9.6;0.01;8028;2146;5882;1098;3009.52;7.63;7.2
2026-01-31;14;9;9.2;0.01;7802;2138;5664;1098;2908.83;7.55;7.2
2026-02-01;13.2;10;9.5;0.01;8084;2184;5900;1098;2966.21;7.5;7.2
2026-02-02;13.2;9.7;9.4;0.01;7832;2152;5680;1098;2898.07;7.8;7.2
2026-02-03;13.2;10.8;9.6;0.01;7865;2316;5549;1098;2630.74;7.84;7.2
2026-02-04;13.1;10.3;9.6;0.01;7952;2359;5593;1098;2603.27;7.74;7.2
2026-02-05;13.9;9.9;9.5;0.01;7891;2148;5743;1098;2935.67;7.52;7.2
2026-02-06;13;9.1;9.3;0.01;7942;2314;5628;1098;2670.5;7.91;7.2
2026-02-07;14;9.6;9.3;0.01;7859;2034;5825;1098;3144.47;7.49;7.2
2026-02-08;13.2;9.2;8.8;0.01;7905;2128;5777;1098;2980.8;7.26;7.2
2026-02-09;13.3;9.4;9.4;0.01;7834;2061;5773;1098;3075.57;7.67;7.2
2026-02-10;13.7;9.5;9.2;0.01;7914;2036;5878;1098;3169.96;7.13;7.2
2026-02-11;13.9;10.8;9.8;0.01;7862;2343;5519;1098;2586.37;7.51;7.2
2026-02-12;13.3;9.6;9.2;0.01;7805;1964;5841;1098;3265.49;7.86;7.2
2026-02-13;14;9.3;9;0.01;8015;2156;5859;1098;2983.85;7.61;7.2
2026-02-14;13.9;10.6;9.6;0.01;8100;2229;5871;1098;2892.04;7.29;7.2
2026-02-15;13.1;9.8;9.3;0.01;8073;2256;5817;1098;2831.15;7.81;7.2
2026-02-16;13.2;9.3;8.9;0.01;8014;2008;6006;1098;3284.16;7.53;7.2
2026-02-17;13.4;9.1;8.9;0.01;7830;2230;5600;1098;2757.31;7.71;7.2
2026-02-18;13.6;9.9;9.4;0.01;7877;2246;5631;1098;2752.82;7.03;7.2
2026-02-19;13.4;10.4;9.5;0.01;7815;2129;5686;1098;2932.47;7.1;7.2
2026-02-20;13.4;9.1;8.8;0.01;7809;2248;5561;1098;2716.18;7.76;7.2
2026-02-21;13.6;10.6;9.6;0.01;7901;2225;5676;1098;2801.01;7.18;7.2
2026-02-22;13.3;9.5;9.4;0.01;7898;2356;5542;1098;2582.82;7.93;7.2
2026-02-23;14;10.9;10.2;0.01;8026;2377;5649;1098;2609.42;7.31;7.2
2026-02-24;13.5;9.2;8.7;0.01;7959;2259;5700;1098;2770.52;7.17;7.2
2026-02-25;13.8;10.7;9.9;0.01;7829;2340;5489;1098;2575.61;7.41;7.2
2026-02-26;13.1;9.6;9.4;0.01;7849;2051;5798;1098;3103.95;7.22;7.2
2026-02-27;13.6;10.7;9.6;0.01;8046;2353;5693;1098;2656.57;7.79;7.2
2026-02-28;13.9;10;9.5;0.01;8073;2159;5914;1098;3007.68;7.27;7.2
2026-03-01;13;10.5;9.8;0.01;7912;2155;5757;1098;2933.26;7.91;7.2
2026-03-02;13.2;9.7;9.3;0.01;7802;2299;5503;1098;2628.23;7.65;7.2
2026-03-03;13.1;10.8;9.8;0.01;7846;1986;5860;1098;3239.82;7.71;7.2
2026-03-04;13.4;10.2;9.6;0.01;7853;2271;5582;1098;2698.83;7.24;7.2
2026-03-05;13.9;10;9.5;0.01;7989;2283;5706;1098;2744.28;7.9;7.2
2026-03-06;13.3;10.8;9.7;0.01;7896;2280;5616;1098;2704.55;7.02;7.2
2026-03-07;13.9;10;9.5;0.01;8018;2096;5922;1098;3102.27;7.98;7.2
2026-03-08;13.8;9.9;9.5;0.01;7924;2005;5919;1098;3241.43;7.63;7.2
2026-03-09;13.7;10.6;9.7;0.01;7808;1993;5815;1098;3203.65;7.72;7.2
2026-03-10;14;10.8;9.7;0.01;7866;2268;5598;1098;2710.14;7.31;7.2
2026-03-11;13.5;10.5;9.6;0.01;8041;2374;5667;1098;2621.05;7.8;7.2
2026-03-12;13.1;9.4;9.4;0.01;7815;2286;5529;1098;2655.66;7.05;7.2
2026-03-13;13.5;9.5;9.2;0.01;7824;2308;5516;1098;2624.16;7.55;7.2
2026-03-14;13.6;10.2;9.7;0.01;7906;2058;5848;1098;3120.07;7.16;7.2
2026-03-15;13.2;10.9;10.2;0.01;8015;2336;5679;1098;2669.32;7.44;7.2
2026-03-16;13.7;10.3;9.8;0.01;8036;2084;5952;1098;3135.94;7.32;7.2
2026-03-17;13.8;10.8;9.9;0.01;7950;2178;5772;1098;2909.85;7.74;7.2
2026-03-18;13.3;10.7;10;0.01;7851;2091;5760;1098;3024.62;7.3;7.2
2026-03-19;13.4;9.1;9.2;0.01;7955;2216;5739;1098;2843.6;7.58;7.2
2026-03-20;13.4;9;9.2;0.01;7851;2016;5835;1098;3177.99;7.26;7.2
2026-03-21;13.8;10.4;9.7;0.01;7929;2084;5845;1098;3079.56;7.56;7.2
2026-03-22;13.2;10.8;10.2;0.01;8098;2082;6016;1098;3172.7;7.09;7.2
2026-03-23;13.8;9.3;9;0.01;8084;2336;5748;1098;2701.76;7.84;7.2
2026-03-24;13.8;11;9.6;0.01;7932;2025;5907;1098;3202.91;7.99;7.2
2026-03-25;13.6;9.5;9.4;0.01;8012;2190;5822;1098;2918.98;7.19;7.2
2026-03-26;13.4;9.5;9.4;0.01;7884;2076;5808;1098;3071.86;7.79;7.2
2026-03-27;13.1;10.5;9.8;0.01;7937;2022;5915;1098;3212;7.46;7.2
2026-03-28;13.8;9.5;9.4;0.01;8061;2081;5980;1098;3155.23;7.38;7.2
2026-03-29;13.3;10.1;9.5;0.01;7999;2297;5702;1098;2725.64;7.47;7.2
2026-03-30;13.9;10.7;9.9;0.01;8074;2038;6036;1098;3251.98;7.63;7.2
2026-03-31;13.1;11;9.9;0.01;8010;2224;5786;1098;2856.58;7.49;7.2
2026-04-01;13.2;9.8;9.5;0.01;7897;2128;5769;1098;2976.67;7.39;7.2
2026-04-02;13.2;9.9;9.5;0.01;7837;2031;5806;1098;3138.84;7.19;7.2
2026-04-03;13.4;10.1;9.5;0.01;8021;2077;5944;1098;3142.28;7.64;7.2
2026-04-04;14;10.9;10.4;0.01;7848;2285;5563;1098;2673.16;7.51;7.2
2026-04-05;13.5;11;10.4;0.01;8068;2253;5815;1098;2833.94;7.46;7.2
2026-04-06;13.2;10;9.5;0.01;8011;2043;5968;1098;3207.47;7.43;7.2
2026-04-07;13;9.1;8.8;0.01;7804;2267;5537;1098;2681.79;7.05;7.2
2026-04-08;13.7;9.2;8.8;0.01;8008;2335;5673;1098;2667.65;7.29;7.2
2026-04-09;13.5;9.1;8.9;0.01;7959;2209;5750;1098;2858.08;7.27;7.2
2026-04-10;13.9;10.1;9.5;0.01;7996;2000;5996;1098;3291.8;7.13;7.2
2026-04-11;13.1;10.1;9.6;0.01;7836;2179;5657;1098;2850.57;7.52;7.2
2026-04-12;13.1;9.9;9.5;0.01;8072;2112;5960;1098;3098.52;7.56;7.2
2026-04-13;13.5;9;9.2;0.01;8052;2277;5775;1098;2784.78;7.59;7.2
2026-04-14;13.4;10.4;9.7;0.01;8085;2225;5860;1098;2891.81;7.17;7.2
2026-04-15;13.4;9.9;9.5;0.01;8014;2061;5953;1098;3171.47;7.47;7.2
2026-04-16;13.8;9.4;9.4;0.01;7954;2056;5898;1098;3149.81;7.93;7.2
2026-04-17;13.6;10.1;9.6;0.01;7908;1990;5918;1098;3265.31;7.46;7.2
2026-04-18;13.3;10.1;9.5;0.01;8090;2114;5976;1098;3103.9;7.47;7.2
2026-04-19;13.8;9.7;9.4;0.01;7973;2275;5698;1098;2750.07;7.64;7.2
2026-04-20;13.2;10.5;9.6;0.01;7988;2183;5805;1098;2919.78;7.47;7.2
2026-04-21;13.2;10.1;9.6;0.01;8017;2388;5629;1098;2588.21;7.17;7.2
2026-04-22;13.7;9.5;9.2;0.01;7970;2017;5953;1098;3240.65;7.24;7.2
2026-04-23;14;10.8;9.9;0.01;7969;2148;5821;1098;2975.54;7.34;7.2
2026-04-24;13.3;11;10.4;0.01;7955;2159;5796;1098;2947.66;7.21;7.2
2026-04-25;13.1;10;9.5;0.01;7895;2087;5808;1098;3055.67;7.61;7.2
2026-04-26;13.6;9.3;9.4;0.01;7832;2255;5577;1098;2715.54;7.87;7.2
2026-04-27;13.9;9.2;9.4;0.01;8080;2271;5809;1098;2808.58;7.37;7.2
2026-04-28;13.4;10.3;9.5;0.01;7867;2131;5736;1098;2955.48;7.94;7.2
2026-04-29;13.3;10.2;9.5;0.01;8079;2258;5821;1098;2830.58;7.55;7.2
2026-04-30;13.1;10.4;9.8;0.01;8092;2132;5960;1098;3069.46;7.34;7.2
2026-05-01;13.5;9.4;9;0.01;7887;2175;5712;1098;2883.58;7.57;7.2
2026-05-02;13.2;9.3;9.4;0.01;7996;2331;5665;1098;2668.46;7.47;7.2
2026-05-03;13.7;9.1;8.9;0.01;8058;2226;5832;1098;2876.7;7.08;7.2
2026-05-04;13.6;10.6;10.1;0.01;8000;2345;5655;1098;2647.84;7.08;7.2
2026-05-05;13.9;10.3;9.5;0.01;7825;2263;5562;1098;2698.66;7.97;7.2
2026-05-06;13.2;10.8;9.5;0.01;7830;2278;5552;1098;2676.07;7.05;7.2
2026-05-07;13.9;9.1;9.5;0.01;7869;2111;5758;1098;2994.92;7.43;7.2
2026-05-08;13.6;10.9;10;0.01;7918;2299;5619;1098;2683.63;7.87;7.2
2026-05-09;13.5;10.6;9.8;0.01;7874;2339;5535;1098;2598.3;7.1;7.2
2026-05-10;13.4;10;9.5;0.01;7935;2194;5741;1098;2873.12;7.39;7.2
2026-05-11;13.4;10;9.5;0.01;8000;2034;5966;1098;3220.58;7.43;7.2
2026-05-12;13.8;10.7;9.8;0.01;7940;2068;5872;1098;3117.73;7.8;7.2
2026-05-13;13.7;10;9.5;0.01;8006;2058;5948;1098;3173.42;7.44;7.2
2026-05-14;13.2;10.4;9.8;0.01;7849;2078;5771;1098;3049.35;7.47;7.2
2026-05-15;13.1;10.6;10.1;0.01;7815;2325;5490;1098;2592.7;7.48;7.2
2026-05-16;13.7;9.4;9.1;0.01;7960;2067;5893;1098;3130.39;7.08;7.2
2026-05-17;13.9;9.9;9.4;0.01;7848;2211;5637;1098;2799.38;7.21;7.2
2026-05-18;13.4;10.3;9.7;0.01;8063;2285;5778;1098;2776.47;7.38;7.2
2026-05-19;13.2;9.4;9.3;0.01;8036;2061;5975;1098;3183.19;7.77;7.2
2026-05-20;13.4;10.2;9.5;0.01;7880;2209;5671;1098;2818.81;7.86;7.2
2026-05-21;13.2;9.2;9.2;0.01;8015;2026;5989;1098;3245.77;7.27;7.2
2026-05-22;13.3;9.8;9.5;0.01;7821;2234;5587;1098;2745.98;7.28;7.2
2026-05-23;13.4;9.9;9.5;0.01;8032;2290;5742;1098;2753.15;7.32;7.2
2026-05-24;13.3;10;9.5;0.01;7825;2187;5638;1098;2830.6;7.67;7.2
2026-05-25;13.2;9.1;8.7;0.01;8090;2198;5892;1098;2943.32;7.02;7.2
2026-05-26;13.7;10.8;10.1;0.01;7818;2215;5603;1098;2777.47;7.4;7.2
2026-05-27;13.4;10.7;9.8;0.01;7834;2017;5817;1098;3166.62;7.99;7.2
2026-05-28;13.1;10.2;9.7;0.01;7802;2024;5778;1098;3134.51;7.14;7.2
2026-05-29;13.1;10.2;9.5;0.01;8017;2355;5662;1098;2639.86;7.32;7.2
2026-05-30;13.6;11;10.3;0.01;7933;2135;5798;1098;2981.83;7.27;7.2
2026-05-31;13.5;10.2;9.6;0.01;7876;2360;5516;1098;2566.34;7.04;7.2
2026-06-01;13.2;10.4;9.5;0.01;8096;2309;5787;1098;2751.9;7.05;7.2
2026-06-02;13.5;10;9.5;0.01;7827;2289;5538;1098;2656.5;7.43;7.2
2026-06-03;13.6;9.7;9.2;0.01;7808;2166;5642;1098;2860.07;7.89;7.2
2026-06-04;13.5;10.3;9.6;0.01;8000;2148;5852;1098;2991.39;7.31;7.2
2026-06-05;13.9;10.4;9.9;0.01;7813;2147;5666;1098;2897.66;7.5;7.2
2026-06-06;13.2;10.4;9.8;0.01;7934;2028;5906;1098;3197.63;7.41;7.2
2026-06-07;13.4;10;9.5;0.01;7893;2155;5738;1098;2923.58;7.37;7.2
2026-06-08;13.7;10.2;9.6;0.01;8040;2368;5672;1098;2630.01;7.26;7.2
2026-06-09;13.8;9;9;0.01;7863;2244;5619;1098;2749.4;7.03;7.2
2026-06-10;13.4;9.9;9.4;0.01;8098;2280;5818;1098;2801.83;7.62;7.2
2026-06-11;13;9.6;9.1;0.01;7864;2275;5589;1098;2697.46;7.12;7.2
2026-06-12;13.2;10.3;9.6;0.01;7907;2133;5774;1098;2972.27;7.19;7.2
2026-06-13;13.5;10.3;9.7;0.01;7933;2347;5586;1098;2613.31;7.89;7.2
2026-06-14;13.5;10.1;9.5;0.01;7909;2062;5847;1098;3113.48;7.95;7.2
2026-06-15;13.5;10.5;9.6;0.01;7917;2191;5726;1098;2869.53;7.19;7.2
2026-06-16;13.2;9.5;9;0.01;8076;2269;5807;1098;2810.09;7.59;7.2
2026-06-17;13.6;10.8;9.8;0.01;8055;2246;5809;1098;2839.84;7.47;7.2
2026-06-18;13.2;10.6;9.7;0.01;8090;2395;5695;1098;2610.9;7.67;7.2
2026-06-19;13.3;10.1;9.5;0.01;8081;2058;6023;1098;3213.44;7.15;7.2
2026-06-20;13.2;10.3;9.7;0.01;8061;2090;5971;1098;3136.92;7.49;7.2
2026-06-21;13.7;10;9.5;0.01;8007;2132;5875;1098;3025.68;7.82;7.2
2026-06-22;13.7;9.4;9.5;0.01;7899;2047;5852;1098;3138.98;7.83;7.2
2026-06-23;13.5;10.9;9.6;0.01;7857;2314;5543;1098;2630.17;7.52;7.2
2026-06-24;13.6;9.5;9.2;0.01;7864;2028;5836;1098;3159.73;7.13;7.2
2026-06-25;13.2;10.9;9.8;0.01;7808;2102;5706;1098;2980.58;7.97;7.2
2026-06-26;13.8;10.9;9.7;0.01;7961;2119;5842;1098;3027.14;7.24;7.2
2026-06-27;13.8;10.5;9.7;0.01;8031;2272;5759;1098;2783.18;7.15;7.2
2026-06-28;13.7;9.9;9.4;0.01;7820;2324;5496;1098;2596.65;7.67;7.2
2026-06-29;13.6;9.1;9.4;0.01;7958;2264;5694;1098;2761.49;7.66;7.2
2026-06-30;13.2;10.4;9.6;0.01;7814;1970;5844;1098;3257.21;7.98;7.2
2026-07-01;14;9;8.6;0.01;8059;2297;5762;1098;2754.32;7.2;7.2
2026-07-02;13.6;10.7;9.7;0.01;8063;2302;5761;1098;2747.86;7.47;7.2
2026-07-03;13.1;9.9;9.5;0.01;8045;2077;5968;1098;3154.97;7.96;7.2
2026-07-04;13.1;10.4;9.8;0.01;7978;2042;5936;1098;3191.84;7.33;7.2
2026-07-05;13.3;10.7;10;0.01;8027;2062;5965;1098;3176.32;7.37;7.2
2026-07-06;13.7;9.3;9;0.01;7927;2289;5638;1098;2704.47;7.93;7.2
2026-07-07;13.7;10.8;9.7;0.01;7889;2361;5528;1098;2570.84;7.78;7.2
2026-07-08;13;9.3;8.8;0.01;8081;2134;5947;1098;3059.89;7.68;7.2
2026-07-09;13.3;11;10.2;0.01;8021;2216;5805;1098;2876.3;7.27;7.2
2026-07-10;13.2;10.4;9.7;0.01;7932;2356;5576;1098;2598.66;7.89;7.2
2026-07-11;13.7;10.9;10.1;0.01;7932;2064;5868;1098;3121.64;7.92;7.2
2026-07-12;13.7;9.1;9.2;0.01;8090;2050;6040;1098;3235.08;7.36;7.2
2026-07-13;13.8;10;9.5;0.01;7863;2347;5516;1098;2580.56;7.78;7.2
2026-07-14;13.4;10.8;9.9;0.01;7893;2100;5793;1098;3028.91;7.76;7.2
2026-07-15;13.6;9.3;9.2;0.01;7856;2177;5679;1098;2864.28;7.48;7.2
2026-07-16;13.1;9.1;9.2;0.01;7979;2046;5933;1098;3183.99;7.21;7.2
2026-07-17;14;10.9;9.7;0.01;7859;2126;5733;1098;2960.88;7.69;7.2
2026-07-18;13.5;10.5;9.8;0.01;8062;2253;5809;1098;2831.02;7.1;7.2
2026-07-19;13.1;10.4;9.6;0.01;7884;2311;5573;1098;2647.84;7.08;7.2
2026-07-20;13.4;9.2;8.8;0.01;7973;2309;5664;1098;2693.4;7.88;7.2
2026-07-21;13.5;10.3;9.6;0.01;8027;2219;5808;1098;2873.9;7.78;7.2
2026-07-22;13.8;9.4;9;0.01;7964;2303;5661;1098;2698.99;7.07;7.2
2026-07-23;13.9;9.3;9.1;0.01;8027;2134;5893;1098;3032.11;7.62;7.2
2026-07-24;13.2;9.3;8.9;0.01;8072;2141;5931;1098;3041.68;7.04;7.2
2026-07-25;13.7;9.1;9;0.01;7935;2050;5885;1098;3152.06;7.42;7.2
2026-07-26;13.3;9;8.7;0.01;7846;2354;5492;1098;2561.69;7.01;7.2
2026-07-27;13.2;9.3;8.9;0.01;8094;2116;5978;1098;3102.01;7.57;7.2
2026-07-28;13.7;9.1;8.8;0.01;7833;2066;5767;1098;3064.94;7.7;7.2
2026-07-29;13.9;9.5;9.3;0.01;7881;1980;5901;1098;3272.37;7.74;7.2
2026-07-30;13.8;10;9.5;0.01;8082;2244;5838;1098;2856.56;7.67;7.2
2026-07-31;13.9;9.1;8.9;0.01;8083;2320;5763;1098;2727.49;7.16;7.2
2026-08-01;13.9;10.4;9.8;0.01;7814;2201;5613;1098;2800.12;7.98;7.2
2026-08-02;13.1;10.6;9.6;0.01;7936;2269;5667;1098;2742.34;7.27;7.2
2026-08-03;13.7;10.8;10;0.01;7843;2326;5517;1098;2604.33;7.1;7.2
2026-08-04;13.5;9;9.5;0.01;7948;2076;5872;1098;3105.71;7.88;7.2
2026-08-05;13.9;10.7;10.1;0.01;7824;2024;5800;1098;3146.44;7.2;7.2
2026-08-06;13.4;10.2;9.7;0.01;7967;2162;5805;1098;2948.15;7.86;7.2
2026-08-07;13.3;9.8;9.4;0.01;7832;2225;5607;1098;2766.96;7.62;7.2
2026-08-08;13.6;9;8.8;0.01;8054;2106;5948;1098;3101.09;7.37;7.2
2026-08-09;13.9;10.3;9.6;0.01;7845;2179;5666;1098;2855.1;7.18;7.2
2026-08-10;13.2;10.8;10.3;0.01;7816;2207;5609;1098;2790.52;7.34;7.2
2026-08-11;13.9;10.2;9.7;0.01;7976;2357;5619;1098;2617.59;7.43;7.2
2026-08-12;13.7;9.3;9.4;0.01;7909;2129;5780;1098;2980.95;7.85;7.2
2026-08-13;13.7;9.3;9.4;0.01;8063;2411;5652;1098;2573.99;7.42;7.2
2026-08-14;13.3;9.2;9.2;0.01;8098;2348;5750;1098;2688.88;7.31;7.2
2026-08-15;13.9;9.7;9.2;0.01;7832;2181;5651;1098;2844.93;7.63;7.2
2026-08-16;13.8;9.8;9.3;0.01;7954;1995;5959;1098;3279.69;7.54;7.2
2026-08-17;13.8;9.6;9.3;0.01;7831;2097;5734;1098;3002.35;7.32;7.2
2026-08-18;13.9;10.3;9.7;0.01;7864;2009;5855;1098;3200;7.86;7.2
2026-08-19;13.8;10.3;9.7;0.01;7880;2142;5738;1098;2941.33;7.91;7.2
2026-08-20;13.1;10.3;9.6;0.01;8054;2408;5646;1098;2574.46;7.64;7.2
2026-08-21;13.2;10.5;9.9;0.01;7869;2356;5513;1098;2569.3;7.04;7.2
2026-08-22;13.9;9.5;9.2;0.01;8013;2333;5680;1098;2673.23;7.85;7.2
2026-08-23;13.1;9.2;8.9;0.01;7938;2113;5825;1098;3026.9;7.51;7.2
2026-08-24;13.8;9.3;9;0.01;8028;2089;5939;1098;3121.6;7.87;7.2
2026-08-25;13.8;9.5;9.1;0.01;7908;2290;5618;1098;2693.7;8;7.2
2026-08-26;13.7;10.2;9.7;0.01;8026;2098;5928;1098;3102.45;7.46;7.2
2026-08-27;13.5;9.7;9.4;0.01;7896;2066;5830;1098;3098.42;7.93;7.2
2026-08-28;13.8;10;9.5;0.01;8011;2337;5674;1098;2665.83;7.97;7.2
2026-08-29;13.4;9.5;9.2;0.01;8085;2100;5985;1098;3129.3;7.49;7.2
2026-08-30;13.6;10.1;9.6;0.01;7988;2122;5866;1098;3035.28;7.77;7.2
2026-08-31;13.4;9.5;9.3;0.01;7872;2361;5511;1098;2562.93;7.28;7.2
2026-09-01;13.1;9.7;9.5;0.01;7858;2295;5563;1098;2661.51;7.42;7.2
2026-09-02;13;9.4;9;0.01;7913;2229;5684;1098;2799.92;7.75;7.2
2026-09-03;13.7;10.4;9.7;0.01;8030;2188;5842;1098;2931.68;8;7.2
2026-09-04;13.7;10.3;9.5;0.01;8057;2250;5807;1098;2833.82;7.09;7.2
2026-09-05;13.3;10.2;9.7;0.01;7830;2200;5630;1098;2809.88;7.32;7.2
2026-09-06;13.5;10.5;9.7;0.01;8029;2354;5675;1098;2647.05;7.69;7.2
2026-09-07;13.5;10.2;9.6;0.01;7801;2157;5644;1098;2873.02;7.77;7.2
2026-09-08;13.7;9;9.3;0.01;7997;2179;5818;1098;2931.7;7.43;7.2
2026-09-09;13.2;10.3;9.8;0.01;7945;2066;5879;1098;3124.46;7.67;7.2
2026-09-10;13.8;9.5;9.2;0.01;8011;2244;5767;1098;2821.82;7.15;7.2
2026-09-11;13.5;10.3;9.5;0.01;7838;1994;5844;1098;3218.01;7.02;7.2
2026-09-12;14;9.9;9.4;0.01;8028;2052;5976;1098;3197.68;7.2;7.2
2026-09-13;13.9;10.6;10.1;0.01;8071;2291;5780;1098;2770.16;7.47;7.2
2026-09-14;13.3;9.8;9.5;0.01;7844;2137;5707;1098;2932.28;7.68;7.2
2026-09-15;13.2;10.9;9.6;0.01;7845;2286;5559;1098;2670.07;7.86;7.2
2026-09-16;13.8;10.3;9.7;0.01;8050;2116;5934;1098;3079.17;7.58;7.2
2026-09-17;13;9.5;9.4;0.01;7938;2117;5821;1098;3019.11;7.67;7.2
2026-09-18;13.4;9.3;9.5;0.01;7848;2031;5817;1098;3144.79;7.51;7.2
2026-09-19;13.1;10.7;9.5;0.01;7804;2035;5769;1098;3112.71;7.18;7.2
2026-09-20;13.9;10.5;9.6;0.01;7973;2275;5698;1098;2750.07;7.1;7.2
2026-09-21;13.9;9.5;9.4;0.01;7884;2139;5745;1098;2949.05;7.22;7.2
2026-09-22;13.7;9.5;9.4;0.01;8072;2228;5844;1098;2880.03;7.35;7.2
2026-09-23;13.7;10.7;10.1;0.01;8041;2388;5653;1098;2599.24;7.68;7.2
2026-09-24;14;10.5;10;0.01;7921;2064;5857;1098;3115.79;7.35;7.2
2026-09-25;13.3;10.7;10.1;0.01;8074;2356;5718;1098;2664.84;7.44;7.2
2026-09-26;13.9;10.8;9.7;0.01;7802;2284;5518;1098;2652.7;7.12;7.2
2026-09-27;13.9;9.3;9;0.01;7895;2352;5543;1098;2587.68;7.71;7.2
2026-09-28;13.4;9.7;9.4;0.01;7892;2042;5850;1098;3145.59;7.53;7.2
2026-09-29;13.3;10.4;9.8;0.01;7893;2345;5548;1098;2597.74;7.05;7.2
2026-09-30;13.5;10.5;9.7;0.01;7823;2194;5629;1098;2817.07;7.19;7.2
2026-10-01;13.5;10.6;9.8;0.01;7809;2174;5635;1098;2846.01;7.37;7.2
2026-10-02;13.6;9.9;9.4;0.01;8024;2387;5637;1098;2592.97;7.52;7.2
2026-10-03;13.9;11;9.9;0.01;8070;2201;5869;1098;2927.83;7.92;7.2
2026-10-04;13.5;11;9.7;0.01;7891;2302;5589;1098;2665.82;7.85;7.2
2026-10-05;13.8;9.5;9;0.01;7992;2075;5917;1098;3131.02;7.07;7.2
2026-10-06;13.6;9.3;8.8;0.01;7900;2303;5597;1098;2668.48;7.59;7.2
2026-10-07;13.9;10;9.5;0.01;8078;2351;5727;1098;2674.71;7.67;7.2
2026-10-08;13.7;10.6;9.6;0.01;7858;2075;5783;1098;3060.11;7.56;7.2
2026-10-09;13.3;9.2;9.4;0.01;8049;2125;5924;1098;3060.97;7.51;7.2
2026-10-10;13.7;9.4;9.1;0.01;7895;2098;5797;1098;3033.89;7.19;7.2
2026-10-11;13.3;10.7;9.6;0.01;8073;2031;6042;1098;3266.43;7.43;7.2
2026-10-12;13.9;9.3;9.5;0.01;7981;2298;5683;1098;2715.38;7.88;7.2
2026-10-13;13.9;11;9.9;0.01;7993;2080;5913;1098;3121.38;7.6;7.2
2026-10-14;13.6;10.6;10;0.01;7898;2354;5544;1098;2585.94;7.93;7.2
2026-10-15;13;10.5;10;0.01;7941;2097;5844;1098;3059.95;7.1;7.2
2026-10-16;13.4;9.2;9.5;0.01;7887;2238;5649;1098;2771.49;7.85;7.2
2026-10-17;13.4;10.7;10;0.01;7951;2136;5815;1098;2989.17;7.67;7.2
2026-10-18;13.2;9.9;9.5;0.01;7867;2035;5832;1098;3146.7;7.94;7.2
2026-10-19;13.7;10.7;10.1;0.01;7915;2203;5712;1098;2846.93;7.82;7.2
2026-10-20;13.3;9.4;9;0.01;8073;2394;5679;1098;2604.65;7.31;7.2
2026-10-21;13.3;9.5;9.1;0.01;7993;2320;5673;1098;2684.89;7.43;7.2
2026-10-22;13.2;9.1;8.9;0.01;7978;2365;5613;1098;2605.95;7.94;7.2
2026-10-23;13.5;10.3;9.7;0.01;7974;2284;5690;1098;2735.39;7.29;7.2
2026-10-24;13.9;9.3;8.9;0.01;7853;2296;5557;1098;2657.49;7.31;7.2
2026-10-25;13.7;10;9.5;0.01;8096;2330;5766;1098;2717.2;7.93;7.2
2026-10-26;13.8;10.5;9.9;0.01;8025;2134;5891;1098;3031.08;7.83;7.2
2026-10-27;13.2;9.9;9.4;0.01;7931;2270;5661;1098;2738.23;7.1;7.2
2026-10-28;13.6;10.8;10;0.01;7890;1999;5891;1098;3235.78;7.31;7.2
2026-10-29;13;9.3;9.4;0.01;8003;2210;5793;1098;2878.15;7.11;7.2
2026-10-30;13.4;10.2;9.6;0.01;7958;2382;5576;1098;2570.3;7.23;7.2
2026-10-31;13.6;10.2;9.6;0.01;7827;2185;5642;1098;2835.2;7.23;7.2
2026-11-01;13.7;9.9;9.5;0.01;7911;2350;5561;1098;2598.29;7.55;7.2
2026-11-02;13;9.4;9.4;0.01;8090;2044;6046;1098;3247.8;7.36;7.2
2026-11-03;13.3;10.4;9.6;0.01;7943;2042;5901;1098;3173.02;7.72;7.2
2026-11-04;13.5;10;9.5;0.01;7863;2194;5669;1098;2837.08;7.12;7.2
2026-11-05;13.6;9.8;9.4;0.01;7968;2029;5939;1098;3213.91;7.85;7.2
2026-11-06;13.4;9.9;9.5;0.01;8017;2241;5776;1098;2830.01;7.48;7.2
2026-11-07;13.5;9.5;9.3;0.01;8064;2089;5975;1098;3140.52;7.93;7.2
2026-11-08;13.3;10.8;10.1;0.01;7984;2229;5755;1098;2834.9;7.69;7.2
2026-11-09;13.9;10.5;10;0.01;7828;1958;5870;1098;3291.76;7.86;7.2
2026-11-10;13.2;9.2;9.1;0.01;7804;2324;5480;1098;2589.09;7.69;7.2
2026-11-11;13.8;10.3;9.5;0.01;7942;2113;5829;1098;3028.98;7.11;7.2
2026-11-12;13.6;9.6;9.4;0.01;7903;1980;5923;1098;3284.57;7.05;7.2
2026-11-13;13.9;9.8;9.3;0.01;8063;2116;5947;1098;3085.92;7.4;7.2
2026-11-14;13.5;9.2;9.1;0.01;7802;2261;5541;1098;2690.85;7.88;7.2
2026-11-15;13.9;9.4;9;0.01;7892;2109;5783;1098;3010.78;7.36;7.2
2026-11-16;13.2;9.5;9.3;0.01;8034;2303;5731;1098;2732.37;7.5;7.2
2026-11-17;13.7;9.8;9.4;0.01;7902;2165;5737;1098;2909.57;7.03;7.2
2026-11-18;13.6;10.6;9.5;0.01;8055;2403;5652;1098;2582.56;7.4;7.2
2026-11-19;13.8;9.3;9.5;0.01;7849;1976;5873;1098;3263.44;7.11;7.2
2026-11-20;13.9;9.6;9.4;0.01;8014;2275;5739;1098;2769.86;7.92;7.2
2026-11-21;13.2;10.9;10;0.01;7916;2283;5633;1098;2709.17;7.34;7.2
2026-11-22;13.9;9.4;9.1;0.01;7945;2194;5751;1098;2878.12;7.32;7.2
2026-11-23;13.9;9.2;9.1;0.01;8087;2122;5965;1098;3086.51;7.61;7.2
2026-11-24;13.2;9.2;9.2;0.01;7887;2183;5704;1098;2868.98;7.51;7.2
2026-11-25;13.4;9;8.8;0.01;7871;2014;5857;1098;3193.14;7.84;7.2
2026-11-26;13.2;9.7;9.3;0.01;7931;2059;5872;1098;3131.35;7.99;7.2
2026-11-27;13.9;10.4;9.7;0.01;7961;2270;5691;1098;2752.74;7.85;7.2
2026-11-28;13.9;10.6;9.7;0.01;7893;2362;5531;1098;2571.14;7.53;7.2
2026-11-29;13.7;10.6;10.1;0.01;7899;2036;5863;1098;3161.87;7.67;7.2
2026-11-30;13.2;9.2;8.9;0.01;8038;2105;5933;1098;3094.74;7.15;7.2
2026-12-01;13.9;9;8.6;0.01;7808;2058;5750;1098;3067.78;7.02;7.2
2026-12-02;13.3;10.6;9.8;0.01;7832;2256;5576;1098;2713.85;7.95;7.2
2026-12-03;13.8;9.4;8.9;0.01;7905;2129;5776;1098;2978.89;7.3;7.2
2026-12-04;13.1;10.3;9.7;0.01;8007;2170;5837;1098;2953.47;7.42;7.2
2026-12-05;13.6;10.4;9.6;0.01;7877;2268;5609;1098;2715.47;7.47;7.2
2026-12-06;13.6;10.8;9.7;0.01;7844;2208;5636;1098;2802.68;7.78;7.2
2026-12-07;13.7;10.4;9.5;0.01;7954;2378;5576;1098;2574.62;7.04;7.2
2026-12-08;13.2;10.9;10.3;0.01;8081;2169;5912;1098;2992.8;7.69;7.2
2026-12-09;13.1;10.5;9.6;0.01;8033;2233;5800;1098;2851.95;7.18;7.2
2026-12-10;13.2;9.8;9.3;0.01;7853;2348;5505;1098;2574.31;7.69;7.2
2026-12-11;13.2;10.8;9.6;0.01;8073;2278;5795;1098;2793.2;7.61;7.2
2026-12-12;13.1;10;9.5;0.01;8022;2118;5904;1098;3060.71;7.29;7.2
2026-12-13;13.1;10.3;9.7;0.01;7881;2142;5739;1098;2941.84;7.52;7.2
2026-12-14;14;10.3;9.5;0.01;7859;2061;5798;1098;3088.89;7.05;7.2
2026-12-15;13.4;11;9.7;0.01;7841;2083;5758;1098;3035.18;7.52;7.2
2026-12-16;13.2;10.6;9.7;0.01;7946;2047;5899;1098;3164.19;7.68;7.2
2026-12-17;13;9.7;9.3;0.01;7875;2263;5612;1098;2722.92;7.03;7.2
2026-12-18;13;9.1;8.8;0.01;7908;2249;5659;1098;2762.82;7.13;7.2
2026-12-19;13.6;9.9;9.4;0.01;7936;1998;5938;1098;3263.23;7.78;7.2
2026-12-20;13.6;10.1;9.5;0.01;7893;2206;5687;1098;2830.61;7.64;7.2
2026-12-21;13.9;9.5;9.1;0.01;8015;2159;5856;1098;2978.18;7.18;7.2
2026-12-22;13.6;10.5;9.8;0.01;7874;2038;5836;1098;3144.22;7.16;7.2
2026-12-23;13;9.1;8.7;0.01;8065;2301;5764;1098;2750.49;7.28;7.2
2026-12-24;13;10.8;10;0.01;8039;2160;5879;1098;2988.49;7.24;7.2
2026-12-25;13.5;9.4;9.2;0.01;7924;2132;5792;1098;2982.93;7.94;7.2
2026-12-26;13.3;10.3;9.7;0.01;8009;2389;5620;1098;2582.99;7.96;7.2
2026-12-27;13.8;10.4;9.6;0.01;8030;2058;5972;1098;3186.23;7.59;7.2
2026-12-28;13.4;9.1;9.4;0.01;7825;2121;5704;1098;2952.85;7.99;7.2
2026-12-29;13.9;10.1;9.6;0.01;7861;2141;5720;1098;2933.47;7.21;7.2
2026-12-30;13.8;10;9.5;0.01;7873;2097;5776;1098;3024.34;7.51;7.2
2026-12-31;13.4;10.6;9.8;0.01;7898;2094;5804;1098;3043.36;7.52;7.2
2027-01-01;13.8;10.8;10.2;0.01;7916;2223;5693;1098;2811.93;7.52;7.2
2027-01-02;13.1;10.5;9.7;0.01;8030;2349;5681;1098;2655.49;7.31;7.2
2027-01-03;13.6;10.2;9.6;0.01;8049;2056;5993;1098;3200.54;7.36;7.2
2027-01-04;13.9;9.2;9.1;0.01;7949;2271;5678;1098;2745.24;7.96;7.2
2027-01-05;13.9;9.1;9.2;0.01;7982;2287;5695;1098;2734.2;7.82;7.2
2027-01-06;13.5;10.7;9.8;0.01;7848;2099;5749;1098;3007.34;7.09;7.2
2027-01-07;13;10.7;9.6;0.01;7855;2305;5550;1098;2643.77;7.29;7.2
2027-01-08;13.1;10.6;9.6;0.01;7804;2155;5649;1098;2878.24;7.78;7.2
2027-01-09;13.7;10.1;9.6;0.01;7857;2122;5735;1098;2967.5;7.38;7.2
2027-01-10;13;10.8;10.2;0.01;7866;2175;5691;1098;2872.97;7.66;7.2
2027-01-11;13.8;9.9;9.5;0.01;7942;2269;5673;1098;2745.24;7.73;7.2
2027-01-12;13.6;9.6;9.4;0.01;8071;2359;5712;1098;2658.66;7.29;7.2
2027-01-13;13.8;10.2;9.6;0.01;7999;2240;5759;1098;2822.94;7.05;7.2
2027-01-14;13.2;9.8;9.3;0.01;8056;2281;5775;1098;2779.9;7.99;7.2
2027-01-15;13.3;9.6;9.4;0.01;7925;2173;5752;1098;2906.44;7.41;7.2
2027-01-16;13.5;10.3;9.6;0.01;8034;2149;5885;1098;3006.85;7.95;7.2
2027-01-17;13.8;10.4;9.8;0.01;8014;2179;5835;1098;2940.26;7.91;7.2
2027-01-18;13.9;10.6;9.8;0.01;7897;2119;5778;1098;2993.98;7.63;7.2
2027-01-19;13.6;10.5;9.6;0.01;7902;2046;5856;1098;3142.66;7.9;7.2
2027-01-20;13.8;9.9;9.5;0.01;7812;2074;5738;1098;3037.76;7.77;7.2
2027-01-21;13.8;9.6;9.3;0.01;8080;2083;5997;1098;3161.16;7.08;7.2
2027-01-22;13.2;9.2;9.4;0.01;7933;2199;5734;1098;2863.09;7.15;7.2
2027-01-23;13.1;10.8;10;0.01;7931;2123;5808;1098;3003.85;7.6;7.2
2027-01-24;13.4;10.5;9.5;0.01;7804;2160;5644;1098;2869.03;7.23;7.2
2027-01-25;13.7;9.8;9.3;0.01;7972;2192;5780;1098;2895.27;7.19;7.2
2027-01-26;13.5;10.3;9.6;0.01;8074;2141;5933;1098;3042.71;7.23;7.2
2027-01-27;13.5;9.8;9.5;0.01;7891;2265;5626;1098;2727.31;7.46;7.2
2027-01-28;13.9;11;10.4;0.01;8012;2359;5653;1098;2631.2;7.26;7.2
2027-01-29;13;9.7;9.3;0.01;8051;2343;5708;1098;2674.94;7.53;7.2
2027-01-30;13.8;10.4;9.7;0.01;8059;2298;5761;1098;2752.64;7.65;7.2
2027-01-31;13.8;9.9;9.5;0.01;7829;2108;5721;1098;2979.91;7.15;7.2
2027-02-01;13.9;10.4;9.6;0.01;7845;2026;5819;1098;3153.63;7.54;7.2
2027-02-02;13.5;9.9;9.5;0.01;7893;2314;5579;1098;2647.25;7.4;7.2
2027-02-03;13.8;9.3;9.5;0.01;7909;2141;5768;1098;2958.09;7.12;7.2
2027-02-04;13.9;9.6;9.2;0.01;8078;2392;5686;1098;2610.05;7.88;7.2
2027-02-05;13.8;9.4;8.9;0.01;7808;2119;5689;1098;2947.86;7.85;7.2
2027-02-06;13.8;9.5;9.4;0.01;8077;2361;5716;1098;2658.27;7.26;7.2
2027-02-07;13.1;10.7;10;0.01;7853;2351;5502;1098;2569.63;7.76;7.2
2027-02-08;13;10.6;10;0.01;8018;2095;5923;1098;3104.27;7.03;7.2
2027-02-09;13;10.5;9.7;0.01;8073;2156;5917;1098;3013.39;7.56;7.2
2027-02-10;13.3;9.2;8.9;0.01;8035;2267;5768;1098;2793.68;7.77;7.2
2027-02-11;13.7;9.6;9.1;0.01;8084;2154;5930;1098;3022.81;7.46;7.2
2027-02-12;13.2;9.4;9.1;0.01;7859;2337;5522;1098;2594.42;7.55;7.2
2027-02-13;13.9;9.1;9.4;0.01;7831;2174;5657;1098;2857.12;7.4;7.2
2027-02-14;13.6;10.8;9.8;0.01;8083;2205;5878;1098;2927;7.15;7.2
2027-02-15;13.1;9.2;9.1;0.01;7883;1992;5891;1098;3247.15;7.64;7.2
2027-02-16;13.8;9.3;9.3;0.01;7909;1980;5929;1098;3287.9;7.94;7.2
2027-02-17;13.3;9.8;9.4;0.01;7943;2138;5805;1098;2981.24;7.79;7.2
2027-02-18;13.7;9.2;9;0.01;7805;2047;5758;1098;3088.56;7.41;7.2
2027-02-19;13.8;10.3;9.8;0.01;7942;1987;5955;1098;3290.68;7.7;7.2
2027-02-20;13;10.7;9.9;0.01;7940;2261;5679;1098;2757.87;7.88;7.2
2027-02-21;13.1;9.6;9.3;0.01;7938;2103;5835;1098;3046.52;7.67;7.2
2027-02-22;13.8;10.9;9.9;0.01;7886;2297;5589;1098;2671.62;7.9;7.2
2027-02-23;13.2;9.3;9.1;0.01;7925;2182;5743;1098;2889.92;7.74;7.2
2027-02-24;13.8;9.9;9.5;0.01;8062;2376;5686;1098;2627.62;7.94;7.2
2027-02-25;13.9;10;9.5;0.01;7839;1963;5876;1098;3286.73;8;7.2
2027-02-26;13.7;10.4;9.6;0.01;7981;2003;5978;1098;3277.01;7.56;7.2
2027-02-27;13.5;9.5;9.5;0.01;8021;2054;5967;1098;3189.76;7.77;7.2
2027-02-28;13.9;9.7;9.3;0.01;8031;2277;5754;1098;2774.66;7.2;7.2
2027-03-01;13.5;9.5;9.5;0.01;7861;1978;5883;1098;3265.69;7.38;7.2
2027-03-02;14;9.9;9.4;0.01;8046;2375;5671;1098;2621.79;7.44;7.2
2027-03-03;13.7;9.3;9.2;0.01;8038;2251;5787;1098;2822.8;7.84;7.2
2027-03-04;13.5;9.1;8.7;0.01;7994;2160;5834;1098;2965.62;7.11;7.2
2027-03-05;13.9;9.7;9.3;0.01;7816;2271;5545;1098;2680.94;7.73;7.2
2027-03-06;14;10.2;9.7;0.01;7801;2030;5771;1098;3121.46;7.34;7.2
2027-03-07;13.8;9;9.4;0.01;7986;2213;5773;1098;2864.33;7.88;7.2
2027-03-08;13.5;10.6;9.5;0.01;8079;2072;6007;1098;3183.25;7.12;7.2
2027-03-09;13.9;10.7;9.7;0.01;7860;2216;5644;1098;2796.53;7.73;7.2
2027-03-10;13.6;9.7;9.3;0.01;7840;2214;5626;1098;2790.13;7.94;7.2
2027-03-11;13.1;9.9;9.5;0.01;7918;2000;5918;1098;3248.98;7.22;7.2
2027-03-12;13.6;10;9.5;0.01;7968;2064;5904;1098;3140.79;7.93;7.2
2027-03-13;13.8;9.1;8.7;0.01;8013;2271;5742;1098;2776.18;7.5;7.2
2027-03-14;13.6;10.3;9.7;0.01;7843;2217;5626;1098;2786.35;7.76;7.2
2027-03-15;13.2;10.6;10;0.01;7807;2089;5718;1098;3005.44;7.7;7.2
2027-03-16;13.8;10;9.5;0.01;7813;2177;5636;1098;2842.59;7.4;7.2
2027-03-17;13.1;9.1;9.2;0.01;7939;2293;5646;1098;2703.58;7.39;7.2
2027-03-18;13.6;9.3;9.2;0.01;7933;2318;5615;1098;2659.74;7.78;7.2
2027-03-19;13.8;9.4;9.4;0.01;8033;2107;5926;1098;3088.16;7.78;7.2
2027-03-20;13.8;10.1;9.5;0.01;7892;2162;5730;1098;2910.06;7.29;7.2
2027-03-21;13.9;9.6;9.5;0.01;7948;2079;5869;1098;3099.65;7.45;7.2
2027-03-22;13;9.8;9.4;0.01;7841;2141;5700;1098;2923.21;7.7;7.2
2027-03-23;13.3;9.1;8.9;0.01;8069;2396;5673;1098;2599.73;7.34;7.2
2027-03-24;13.4;10.2;9.6;0.01;7828;2316;5512;1098;2613.2;7.54;7.2
2027-03-25;13.9;9.8;9.5;0.01;8069;2081;5988;1098;3159.45;7.53;7.2
2027-03-26;13.6;9.7;9.2;0.01;8094;2222;5872;1098;2901.65;7.29;7.2
2027-03-27;13.4;9.8;9.4;0.01;7914;1986;5928;1098;3277.41;7.94;7.2
2027-03-28;13.6;10.8;10.2;0.01;8083;2227;5856;1098;2887.24;7.57;7.2
2027-03-29;13.1;9.9;9.5;0.01;7929;2182;5747;1098;2891.94;7.13;7.2
2027-03-30;13.5;10.1;9.5;0.9;7851;2254;5597;1098;2726.49;7.08;7.2
2027-03-31;13.7;9.6;9.2;0.97;8023;2103;5920;1098;3090.9;7.85;7.2
2027-04-01;13.4;10.9;9.5;0.97;8065;2118;5947;1098;3083.01;7.44;7.2
2027-04-02;13.4;9.9;9.5;0.93;7927;2368;5559;1098;2577.61;7.65;7.2
2027-04-03;13.4;9.4;9;0.88;7988;2396;5592;1098;2562.61;7.01;7.2
2027-04-04;13.6;10.2;9.5;0.94;8092;2235;5857;1098;2877.4;7.66;7.2
2027-04-05;13.5;10.6;9.6;0.94;7882;2342;5540;1098;2597.32;7.77;7.2
2027-04-06;13.4;10.7;10.2;0.91;8086;2117;5969;1098;3095.87;7.58;7.2
2027-04-07;13.9;10.3;9.8;0.93;8002;2112;5890;1098;3062.13;8;7.2
2027-04-08;13.9;9.1;9.3;0.95;8029;2119;5910;1098;3062.38;7.82;7.2
2027-04-09;13.3;10.6;10.1;0.92;7880;2236;5644;1098;2771.52;7.38;7.2
2027-04-10;13.3;10;9.5;0.95;8029;2359;5670;1098;2639.11;7.41;7.2
2027-04-11;13.8;9.2;9.1;0.93;7990;2080;5910;1098;3119.8;7.89;7.2
2027-04-12;13;10.8;9.7;0.93;7828;2194;5634;1098;2819.57;7.3;7.2
2027-04-13;13.1;11;10.5;0.96;8083;2181;5902;1098;2971.3;7.08;7.2
2027-04-14;13.3;10.7;10;0.89;7890;2346;5544;1098;2594.76;7.8;7.2
2027-04-15;13.6;9.9;9.5;0.95;8046;2142;5904;1098;3026.42;7.87;7.2
2027-04-16;13.6;10.5;9.8;0.97;8042;2186;5856;1098;2941.39;7.48;7.2
2027-04-17;13.3;9.6;9.1;0.96;8050;2398;5652;1098;2587.95;7.82;7.2
2027-04-18;13.8;9.2;8.8;0.9;7833;2085;5748;1098;3027;7.83;7.2
2027-04-19;13.2;10.7;9.7;0.97;8063;2070;5993;1098;3178.9;7.12;7.2
2027-04-20;13.7;10.1;9.5;0.92;8067;2411;5656;1098;2575.81;7.25;7.2
2027-04-21;13;10.2;9.6;0.96;7805;2335;5470;1098;2572.19;7.68;7.2
2027-04-22;13.8;9.8;9.5;0.94;8072;2070;6002;1098;3183.67;7.85;7.2
2027-04-23;13.7;10.4;9.9;0.88;8013;2396;5617;1098;2574.07;7.76;7.2
2027-04-24;13.8;9.5;9.1;0.94;8055;2196;5859;1098;2929.5;7.9;7.2
2027-04-25;13.1;10.1;9.5;0.95;7959;2039;5920;1098;3187.92;7.11;7.2
2027-04-26;13.6;10.4;9.7;0.92;8022;2058;5964;1098;3181.96;7.55;7.2
2027-04-27;13.2;9.6;9.2;0.89;7809;2214;5595;1098;2774.76;7.65;7.2
2027-04-28;14;9.7;9.3;0.97;7982;2379;5603;1098;2586;7.55;7.2
2027-04-29;13.4;9.7;9.4;0.9;7929;2328;5601;1098;2641.71;7.94;7.2
2027-04-30;13.5;10.4;9.8;0.92;7853;2187;5666;1098;2844.66;7.52;7.2
2027-05-01;13.9;9.3;9.3;0.96;7832;2324;5508;1098;2602.32;7.21;7.2
2027-05-02;13.1;10.1;9.6;0.97;8047;2158;5889;1098;2996.35;7.7;7.2
2027-05-03;13.9;10.7;9.6;0.93;7912;2169;5743;1098;2907.24;7.43;7.2
2027-05-04;13.6;10.4;9.6;0.95;7994;2039;5955;1098;3206.76;7.38;7.2
2027-05-05;13.7;9.4;9.4;0.89;7921;2344;5577;1098;2612.43;7.29;7.2
2027-05-06;13.6;9.4;9.4;0.9;8091;2079;6012;1098;3175.17;7.92;7.2
2027-05-07;13.1;10.1;9.5;0.92;8076;2217;5859;1098;2901.75;7.59;7.2
2027-05-08;13.3;9.9;9.4;0.94;8020;2387;5633;1098;2591.13;7.87;7.2
2027-05-09;13.2;9.5;9.2;0.94;7893;2121;5772;1098;2988.05;7.7;7.2
2027-05-10;13.5;10.5;9.8;0.98;7878;2239;5639;1098;2765.35;7.59;7.2
2027-05-11;13.1;9.7;9.3;0.93;7825;1969;5856;1098;3265.56;7.2;7.2
2027-05-12;13.2;10.6;10.1;0.95;8070;2211;5859;1098;2909.63;7.98;7.2
2027-05-13;13.1;9.6;9.1;0.94;7801;2168;5633;1098;2852.88;7.47;7.2
2027-05-14;13.9;9.1;9.2;0.95;7831;2275;5556;1098;2681.53;7.9;7.2
2027-05-15;13.7;9.2;9.1;0.97;7872;2025;5847;1098;3170.37;7.4;7.2
2027-05-16;13.3;9.4;9;0.93;7960;2268;5692;1098;2755.65;7.88;7.2
2027-05-17;13.2;9.4;9.4;0.97;8011;2048;5963;1098;3196.96;7.53;7.2
2027-05-18;13.6;10.1;9.5;0.94;7975;2283;5692;1098;2737.55;7.9;7.2
2027-05-19;13.4;10;9.5;0.94;7902;2110;5792;1098;3014.04;7.03;7.2
2027-05-20;13.7;10.2;9.7;0.96;7946;2077;5869;1098;3102.63;7.81;7.2
2027-05-21;13.3;10.3;9.6;0.96;7848;2289;5559;1098;2666.57;7.12;7.2
2027-05-22;13.9;9.5;9;0.96;8029;2208;5821;1098;2894.68;7.52;7.2
2027-05-23;13.8;10.3;9.6;0.93;7839;2142;5697;1098;2920.31;7.17;7.2
2027-05-24;13.4;10.4;9.8;0.92;7970;2367;5603;1098;2599.11;7.21;7.2
2027-05-25;13.8;10.1;9.6;0.88;7881;2038;5843;1098;3148;7.07;7.2
2027-05-26;14;10.6;9.9;0.9;8043;2316;5727;1098;2715.13;7.76;7.2
2027-05-27;13.5;11;10.1;0.96;8063;2216;5847;1098;2897.11;7.51;7.2
2027-05-28;13.5;10.4;9.7;0.96;7937;2370;5567;1098;2579.14;7.16;7.2
2027-05-29;13.2;10.8;10.1;0.94;8006;2398;5608;1098;2567.8;7.63;7.2
2027-05-30;13;10.2;9.5;0.98;7947;2021;5926;1098;3219.57;7.6;7.2
2027-05-31;13;9.9;9.4;0.94;7984;2299;5685;1098;2715.15;7.58;7.2
2027-06-01;13.8;10.2;9.6;0.9;7858;2075;5783;1098;3060.11;7.55;7.2
2027-06-02;13.6;10.3;9.7;0.94;7816;2254;5562;1098;2709.44;7.55;7.2
2027-06-03;13.3;9.2;9.4;0.92;7802;2014;5788;1098;3155.52;7.25;7.2
2027-06-04;13.4;9.1;8.9;0.9;7802;2009;5793;1098;3166.11;7.62;7.2
2027-06-05;13.6;10.2;9.6;0.91;7970;2319;5651;1098;2675.64;7.14;7.2
2027-06-06;13.5;10.3;9.8;0.93;7936;2026;5910;1098;3202.95;7.63;7.2
2027-06-07;13;9.9;9.4;0.96;7830;2184;5646;1098;2838.51;7.71;7.2
2027-06-08;13.6;9.2;8.8;0.9;7970;2286;5684;1098;2730.11;7.82;7.2
2027-06-09;13.9;9.4;9.2;0.9;8039;2219;5820;1098;2879.84;7.87;7.2
2027-06-10;13.8;10.9;9.9;0.95;7932;2262;5670;1098;2752.28;7.34;7.2
2027-06-11;14;9;8.6;0.94;7813;1972;5841;1098;3252.24;7.69;7.2
2027-06-12;13.9;9.4;9.5;0.93;7862;2209;5653;1098;2809.87;7.97;7.2
2027-06-13;13.5;11;10;0.98;7820;1996;5824;1098;3203.78;7.42;7.2
2027-06-14;13.3;9.3;9.1;0.91;7946;2364;5582;1098;2592.65;7.19;7.2
2027-06-15;13.6;9.5;9;0.92;7880;2044;5836;1098;3134.99;7.02;7.2
2027-06-16;13.5;9.2;8.9;0.95;8099;2363;5736;1098;2665.31;7.64;7.2
2027-06-17;13.8;9.7;9.4;0.89;8056;2292;5764;1098;2761.29;7.01;7.2
2027-06-18;13.6;9;8.7;0.88;8032;2274;5758;1098;2780.25;7.31;7.2
2027-06-19;13.8;9.5;9.3;0.93;8085;2059;6026;1098;3213.48;7.68;7.2
2027-06-20;13.6;10.9;10.1;0.9;7909;2301;5608;1098;2676.05;7.56;7.2
2027-06-21;13.9;10.7;10.1;0.92;8097;2333;5764;1098;2712.76;7.17;7.2
2027-06-22;13.9;10;9.5;0.95;7898;1998;5900;1098;3242.34;7.27;7.2
2027-06-23;13.3;10.3;9.5;0.9;7904;2019;5885;1098;3200.46;7.84;7.2
2027-06-24;14;9.6;9.3;0.96;8029;2178;5851;1098;2949.68;7.66;7.2
2027-06-25;13.3;9.9;9.5;0.97;7989;2237;5752;1098;2823.29;7.07;7.2
2027-06-26;13.5;10.5;9.7;0.97;8055;2085;5970;1098;3143.91;7.16;7.2
2027-06-27;13.4;10.6;9.6;0.9;7968;2000;5968;1098;3276.43;7.38;7.2
2027-06-28;13.5;10.1;9.6;0.95;8059;2194;5865;1098;2935.17;7.22;7.2
2027-06-29;13.9;9.3;9.3;0.89;7826;2252;5574;1098;2717.7;7.21;7.2
2027-06-30;14;9;8.9;0.88;8097;2188;5909;1098;2965.3;7.14;7.2
2027-07-01;13.9;10.2;9.7;0.94;8060;2203;5857;1098;2919.19;7.86;7.2
2027-07-02;13;10;9.5;0.89;8071;2334;5737;1098;2698.9;7.63;7.2
2027-07-03;13.7;9.7;9.4;0.91;7875;2275;5600;1098;2702.77;7.7;7.2
2027-07-04;13.6;9.8;9.5;0.9;7856;2315;5541;1098;2628.09;7.1;7.2
2027-07-05;13.4;9.3;9.4;0.98;8061;2341;5720;1098;2682.85;7.29;7.2
2027-07-06;13.8;9.8;9.3;0.9;8027;2143;5884;1098;3014.76;7.11;7.2
2027-07-07;13.1;10.4;9.8;0.93;7928;2029;5899;1098;3192.26;7.38;7.2
2027-07-08;13;9.6;9.2;0.95;8081;2323;5758;1098;2721.6;7.66;7.2
2027-07-09;13.3;9.5;9.3;0.89;7986;2374;5612;1098;2595.61;7.4;7.2
2027-07-10;13.6;9.5;9.4;0.89;8084;2128;5956;1098;3073.16;7.36;7.2
2027-07-11;13.3;9.6;9.4;0.89;8047;2235;5812;1098;2855.29;7.79;7.2
2027-07-12;13.8;9.1;9;0.96;7856;2012;5844;1098;3189.22;7.25;7.2
2027-07-13;13.9;9.3;9;0.89;7928;2183;5745;1098;2889.61;7.43;7.2
2027-07-14;13.7;9.3;9.4;0.95;7928;2202;5726;1098;2855.2;7.43;7.2
2027-07-15;13.8;9.6;9.2;0.95;7942;2217;5725;1098;2835.39;7.29;7.2
2027-07-16;13.6;10.3;9.7;0.92;8038;2118;5920;1098;3069.01;7.62;7.2
2027-07-17;13.9;9.7;9.3;0.95;7995;2318;5677;1098;2689.11;7.28;7.2
2027-07-18;13.4;10.8;10;0.89;7897;2072;5825;1098;3086.8;8;7.2
2027-07-19;13.5;9.8;9.5;0.92;7825;2232;5593;1098;2751.4;7.78;7.2
2027-07-20;14;9.4;9.5;0.93;8038;2311;5727;1098;2721.01;7.27;7.2
2027-07-21;13;10.9;10.4;0.96;7989;2252;5737;1098;2797.17;7.31;7.2
2027-07-22;13.3;10.1;9.5;0.97;8063;2309;5754;1098;2736.2;7.75;7.2
2027-07-23;13.7;9.5;9.4;0.88;7993;2226;5767;1098;2844.64;7.57;7.2
2027-07-24;13.8;9.8;9.4;0.96;7998;2105;5893;1098;3073.88;7.93;7.2
2027-07-25;13.6;10.3;9.6;0.9;7992;2004;5988;1098;3280.85;7.31;7.2
2027-07-26;13.8;10.6;9.8;0.93;7817;2234;5583;1098;2744.02;7.5;7.2
2027-07-27;13.8;10.8;10;0.94;7825;2272;5553;1098;2683.62;7.26;7.2
2027-07-28;13.9;9.3;9.5;0.92;7868;2045;5823;1098;3126.48;7.61;7.2
2027-07-29;13.5;9.1;9.2;0.94;8098;2174;5924;1098;2991.97;7.34;7.2
2027-07-30;13.7;10.7;9.8;0.97;7911;2167;5744;1098;2910.43;7.49;7.2
2027-07-31;14;10.8;9.9;0.9;7850;2096;5754;1098;3014.26;7.68;7.2
2027-08-01;13.3;10.2;9.5;0.91;7846;2164;5682;1098;2883.01;7.9;7.2
2027-08-02;13.2;9.6;9.3;0.9;7831;2209;5622;1098;2794.46;7.17;7.2
2027-08-03;13.1;9.1;8.7;0.9;7883;2196;5687;1098;2843.5;8;7.2
2027-08-04;13.2;9.9;9.4;0.92;7994;2143;5851;1098;2997.85;7.62;7.2
2027-08-05;13.5;10.8;9.8;0.91;7937;2026;5911;1098;3203.49;7.93;7.2
2027-08-06;13.5;9.5;9.4;0.88;8008;2222;5786;1098;2859.15;7.44;7.2
2027-08-07;13.7;9.1;9.2;0.92;7920;1990;5930;1098;3271.93;7.92;7.2
2027-08-08;14;9.3;9.2;0.89;8040;2019;6021;1098;3274.42;7.71;7.2
2027-08-09;13.5;10;9.5;0.91;8052;2354;5698;1098;2657.78;7.75;7.2
2027-08-10;13.3;10;9.5;0.91;8074;2236;5838;1098;2866.78;7.56;7.2
2027-08-11;13.9;9.1;9.4;0.9;7976;2103;5873;1098;3066.36;7.94;7.2
2027-08-12;13.4;10.5;9.9;0.97;7848;2208;5640;1098;2804.67;7.85;7.2
2027-08-13;13.8;10.1;9.5;0.9;7819;1968;5851;1098;3264.43;7.59;7.2
2027-08-14;13.4;9.4;9.4;0.93;8026;2231;5795;1098;2852.04;7.84;7.2
2027-08-15;13.1;9.5;9.4;0.89;7878;1982;5896;1098;3266.3;8;7.2
2027-08-16;13.4;9.6;9.2;0.95;8021;2393;5628;1098;2582.34;7.79;7.2
2027-08-17;13.8;10.6;9.7;0.97;8092;2275;5817;1098;2807.5;7.9;7.2
2027-08-18;13.8;10.3;9.7;0.95;7867;2009;5858;1098;3201.63;7.14;7.2
2027-08-19;14;9.4;9.2;0.9;7818;2114;5704;1098;2962.63;7.15;7.2
2027-08-20;13.4;9.2;9.3;0.89;8077;2355;5722;1098;2667.84;7.6;7.2
2027-08-21;13.6;10.9;10.3;0.9;7812;1979;5833;1098;3236.3;7.95;7.2
2027-08-22;13.8;10;9.5;0.97;7806;2215;5591;1098;2771.52;7.07;7.2
2027-08-23;13.8;9.3;9.3;0.94;7847;2167;5680;1098;2878.01;7.05;7.2
2027-08-24;13.5;9.8;9.4;0.95;7904;1987;5917;1098;3269.69;7.16;7.2
2027-08-25;13.1;10;9.5;0.92;8052;2203;5849;1098;2915.21;7.88;7.2
2027-08-26;13.4;9.1;9.3;0.95;8032;2064;5968;1098;3174.84;7.56;7.2
2027-08-27;13.4;9.1;9;0.88;7862;2285;5577;1098;2679.89;7.99;7.2
2027-08-28;13.9;9.4;9.2;0.96;7934;2054;5880;1098;3143.25;7.25;7.2
2027-08-29;13;9;9.3;0.91;8050;2400;5650;1098;2584.88;7.7;7.2
2027-08-30;13.7;10.3;9.8;0.9;7855;2307;5548;1098;2640.53;7.27;7.2
2027-08-31;13.2;9.4;9.1;0.89;7898;2065;5833;1098;3101.52;7.62;7.2
2027-09-01;13.4;9.1;9.4;0.88;7967;2100;5867;1098;3067.6;7.68;7.2
2027-09-02;13.2;9.8;9.5;0.94;7909;2196;5713;1098;2856.5;7.95;7.2
2027-09-03;13.8;9.6;9.4;0.97;8081;2347;5734;1098;2682.54;7.35;7.2
2027-09-04;13.8;9.3;9.1;0.96;8009;2175;5834;1098;2945.16;7.04;7.2
2027-09-05;13.9;10.8;10.2;0.89;7835;2322;5513;1098;2606.92;7.71;7.2
2027-09-06;13;9.1;8.8;0.92;8046;2236;5810;1098;2853.03;7.74;7.2
2027-09-07;13.5;9.8;9.5;0.94;7870;2206;5664;1098;2819.16;7.69;7.2
2027-09-08;13.2;9.7;9.2;0.95;7858;2195;5663;1098;2832.79;7.99;7.2
2027-09-09;13.6;10.3;9.8;0.94;7906;2075;5831;1098;3085.51;7.32;7.2
2027-09-10;13;11;9.7;0.95;8038;2349;5689;1098;2659.23;7.8;7.2
2027-09-11;13.6;9.1;9.2;0.91;7857;1968;5889;1098;3285.63;7.25;7.2
2027-09-12;13.6;9.2;8.7;0.91;7951;2294;5657;1098;2707.67;7.08;7.2
2027-09-13;13.6;9.8;9.4;0.9;8021;2108;5913;1098;3079.92;7.88;7.2
2027-09-14;13.7;11;10.5;0.92;7835;2115;5720;1098;2969.53;7.54;7.2
2027-09-15;13.8;10.6;10;0.97;7886;2286;5600;1098;2689.76;8;7.2
2027-09-16;13.4;9.6;9.4;0.92;8065;2324;5741;1098;2712.4;7.14;7.2
2027-09-17;13.4;10.1;9.5;0.92;7872;2052;5820;1098;3114.21;8;7.2
2027-09-18;13.7;9.6;9.5;0.94;7841;2344;5497;1098;2574.96;7.25;7.2
2027-09-19;13.4;10.9;9.5;0.95;7921;2028;5893;1098;3190.59;7.56;7.2
2027-09-20;13.7;9.6;9.3;0.88;7854;2044;5810;1098;3121.03;7.28;7.2
2027-09-21;14;9.5;9.2;0.95;8068;2307;5761;1098;2741.91;7.15;7.2
2027-09-22;13.9;10.9;9.8;0.95;7967;2267;5700;1098;2760.74;7.5;7.2
2027-09-23;13.6;10.7;9.6;0.89;7878;1987;5891;1098;3255.32;7.3;7.2
2027-09-24;13.7;10.7;9.9;0.93;7940;2204;5736;1098;2857.59;7.33;7.2
2027-09-25;13.6;10.7;9.9;0.91;7921;2374;5547;1098;2565.55;7.56;7.2
2027-09-26;13.5;9.8;9.3;0.5;8024;2330;5694;1098;2683.27;7.59;7.2
2027-09-27;13.1;10.8;10;0.18;7869;2124;5745;1098;2969.87;7.26;7.2
2027-09-28;13.7;9.9;9.5;0.1;8038;2062;5976;1098;3182.18;7.46;7.2
2027-09-29;13.3;9.4;9;0.1;7829;2149;5680;1098;2902.11;7.33;7.2
2027-09-30;14;10.6;9.5;0.1;7929;2071;5858;1098;3105.79;7.32;7.2
2027-10-01;13.1;10.3;9.7;0.1;8030;2077;5953;1098;3147.04;7.2;7.2
2027-10-02;13.3;9.2;8.7;0.1;8076;2150;5926;1098;3026.39;7.52;7.2
2027-10-03;13.2;9.9;9.4;0.1;7947;2135;5812;1098;2989.03;7.97;7.2
2027-10-04;13.5;9.7;9.2;0.1;7854;2321;5533;1098;2617.51;7.57;7.2
2027-10-05;13.7;9.9;9.4;0.1;7951;2264;5687;1098;2758.09;7.87;7.2
2027-10-06;13.5;10.4;9.9;0.1;7994;2282;5712;1098;2748.37;7.25;7.2
2027-10-07;13.1;10.5;9.6;0.1;7840;2066;5774;1098;3068.66;7.53;7.2
2027-10-08;13.8;9.5;9.1;0.1;7891;2192;5699;1098;2854.7;7.61;7.2
2027-10-09;13.5;9.4;9.2;0.1;7888;2352;5536;1098;2584.41;7.65;7.2
2027-10-10;13.3;9.8;9.3;0.1;8088;2281;5807;1098;2795.3;7.86;7.2
2027-10-11;14;9.9;9.5;0.1;8003;2236;5767;1098;2831.92;7.1;7.2
2027-10-12;13.1;9.8;9.3;0.1;8057;2351;5706;1098;2664.9;7.9;7.2
2027-10-13;13.2;9.3;9;0.1;7961;2341;5620;1098;2635.95;7.04;7.2
2027-10-14;13.9;10.7;10;0.1;8092;2059;6033;1098;3217.21;7.14;7.2
2027-10-15;13.6;9.4;9.2;0.1;7895;2260;5635;1098;2737.71;7.64;7.2
2027-10-16;13.5;9;8.5;0.1;7970;2132;5838;1098;3006.62;7.16;7.2
2027-10-17;13.8;9.1;8.8;0.1;7848;2331;5517;1098;2598.74;7.07;7.2
2027-10-18;13.4;10.6;9.6;0.1;7870;2101;5769;1098;3014.93;7.68;7.2
2027-10-19;13.1;9.3;9.1;0.1;8064;2117;5947;1098;3084.46;7.21;7.2
2027-10-20;14;9.2;8.9;0.1;7844;2248;5596;1098;2733.28;7.1;7.2
2027-10-21;13.7;9.2;9.3;0.1;7990;2352;5638;1098;2632.03;7.37;7.2
2027-10-22;13.8;10.3;9.6;0.1;7849;2348;5501;1098;2572.44;7.64;7.2
2027-10-23;13.9;9.5;9.2;0.1;7892;2012;5880;1098;3208.87;7.86;7.2
2027-10-24;13.4;10.3;9.7;0.1;8033;2263;5770;1098;2799.58;7.23;7.2
2027-10-25;13.1;9.5;9;0.1;8051;2281;5770;1098;2777.49;7.2;7.2
2027-10-26;13.7;9.9;9.4;0.1;7890;2351;5539;1098;2586.91;7.37;7.2
2027-10-27;13.4;10.9;9.5;0.1;7804;1966;5838;1098;3260.49;7.65;7.2
2027-10-28;13.6;9.2;8.8;0.1;7923;2061;5862;1098;3122.99;7.46;7.2
2027-10-29;13.5;10.9;9.8;0.1;7828;2327;5501;1098;2595.66;7.33;7.2
2027-10-30;13.6;9.1;9.3;0.1;7856;2195;5661;1098;2831.79;7.53;7.2
2027-10-31;13.2;10.6;10;0.1;7830;2089;5741;1098;3017.53;7.31;7.2
2027-11-01;13.3;9.5;9.2;0.1;7893;2270;5623;1098;2719.85;7.89;7.2
2027-11-02;14;9.3;9;0.1;7818;1960;5858;1098;3281.68;7.93;7.2
2027-11-03;13.9;9.7;9.2;0.1;8046;2362;5684;1098;2642.27;7.55;7.2
2027-11-04;13.6;9.8;9.3;0.1;7888;2295;5593;1098;2675.87;7.91;7.2
2027-11-05;13.7;9.8;9.4;0.1;8090;2397;5693;1098;2607.81;7.24;7.2
2027-11-06;13;9.3;9;0.1;8086;2045;6041;1098;3243.53;7.12;7.2
2027-11-07;13.8;9.5;9.2;0.1;7864;2116;5748;1098;2982.66;7.82;7.2
2027-11-08;13.4;9.6;9.4;0.1;8028;2097;5931;1098;3105.5;7.48;7.2
2027-11-09;13.8;9.3;9.5;0.1;7968;2080;5888;1098;3108.18;7.79;7.2
2027-11-10;13.8;9.7;9.4;0.1;7988;2037;5951;1098;3207.76;7.31;7.2
2027-11-11;13.2;10.2;9.5;0.1;7864;2284;5580;1098;2682.5;7.11;7.2
2027-11-12;13.5;9.7;9.3;0.1;7827;2116;5711;1098;2963.46;7.83;7.2
2027-11-13;13.8;10.9;9.9;0.1;8059;2343;5716;1098;2678.69;7.27;7.2
2027-11-14;14;9.7;9.5;0.1;7957;2313;5644;1098;2679.25;7.48;7.2
2027-11-15;13.6;9.1;9.4;0.1;7801;2083;5718;1098;3014.1;7.83;7.2
2027-11-16;13.4;10.9;10.1;0.1;7845;2122;5723;1098;2961.29;7.87;7.2
2027-11-17;13.4;10.7;9.8;0.1;7985;2148;5837;1098;2983.72;7.19;7.2
2027-11-18;13.4;9.6;9.4;0.1;7821;2013;5808;1098;3168;7.24;7.2
2027-11-19;13.3;9.8;9.5;0.1;7973;2173;5800;1098;2930.69;7.44;7.2
2027-11-20;13.3;9;8.9;0.1;7966;2128;5838;1098;3012.28;7.38;7.2
2027-11-21;13.7;10.8;10.2;0.1;7976;2127;5849;1098;3019.37;7.56;7.2
2027-11-22;13.1;10;9.5;0.1;8066;2289;5777;1098;2771.14;7.25;7.2
2027-11-23;13.8;10;9.5;0.1;7843;2012;5831;1098;3182.13;7.71;7.2
2027-11-24;13.8;10.8;9.8;0.1;7840;2301;5539;1098;2643.12;7.52;7.2
2027-11-25;13;9.1;8.7;0.1;8055;2334;5721;1098;2691.37;7.42;7.2
2027-11-26;13.7;10;9.5;0.1;7891;2026;5865;1098;3178.56;7.64;7.2
2027-11-27;13.2;9.5;9.5;0.1;8032;2284;5748;1098;2763.27;7.93;7.2
2027-11-28;13.8;10.9;10.3;0.1;7868;2243;5625;1098;2753.57;7.7;7.2
2027-11-29;13.9;9.9;9.5;0.1;7856;2319;5537;1098;2621.66;7.8;7.2
2027-11-30;13.7;9.4;9.1;0.1;7986;2208;5778;1098;2873.3;7.68;7.2
2027-12-01;13.3;9.1;9.1;0.1;8074;2245;5829;1098;2850.89;7.41;7.2
2027-12-02;13.4;10.5;9.7;0.1;8027;2259;5768;1098;2803.57;7.84;7.2
2027-12-03;13.3;9.4;9.3;0.1;7874;2288;5586;1098;2680.69;7.24;7.2
2027-12-04;14;10;9.5;0.1;7953;2129;5824;1098;3003.64;7.74;7.2
2027-12-05;13.7;9.1;9.2;0.1;8006;2348;5658;1098;2645.86;7.53;7.2
2027-12-06;13.2;9.6;9.1;0.1;7976;1997;5979;1098;3287.4;7.36;7.2
2027-12-07;13.5;9.7;9.4;0.1;7905;2185;5720;1098;2874.4;7.97;7.2
2027-12-08;13.1;10.7;9.7;0.1;8008;2360;5648;1098;2627.76;7.68;7.2
2027-12-09;13.5;11;9.8;0.1;8016;2242;5774;1098;2827.77;7.09;7.2
2027-12-10;13.8;9.3;9;0.1;7917;2105;5812;1098;3031.63;7.68;7.2
2027-12-11;14;10.7;9.6;0.1;8016;2191;5825;1098;2919.15;7.65;7.2
2027-12-12;13.6;9.4;9.1;0.1;8083;2151;5932;1098;3028.05;7.78;7.2
2027-12-13;13.1;9.9;9.4;0.1;8046;2203;5843;1098;2912.22;7.67;7.2
2027-12-14;13.1;9.9;9.5;0.1;7898;2248;5650;1098;2759.65;7.39;7.2
2027-12-15;14;9.7;9.5;0.1;7825;2071;5754;1098;3050.65;7.34;7.2
2027-12-16;13.7;10;9.5;0.1;7901;2298;5603;1098;2677.15;7;7.2
2027-12-17;13.5;9.3;8.8;0.1;7862;1983;5879;1098;3255.24;7.36;7.2
2027-12-18;13.8;10.8;10.2;0.1;8077;2176;5901;1098;2977.62;7.68;7.2
2027-12-19;13.6;9.3;9.3;0.1;7947;2354;5593;1098;2608.8;7.14;7.2
2027-12-20;13.7;9.9;9.5;0.1;7822;2331;5491;1098;2586.49;7.02;7.2
2027-12-21;13.6;9.2;9.5;0.1;8094;2173;5921;1098;2991.84;7.4;7.2
2027-12-22;13.1;10.8;10;0.1;7836;1997;5839;1098;3210.43;7.08;7.2
2027-12-23;13.2;10.7;9.9;0.1;8087;2098;5989;1098;3134.38;7.69;7.2
2027-12-24;13.6;9.3;8.9;0.1;8057;2157;5900;1098;3003.34;7.98;7.2
2027-12-25;13.5;9.9;9.5;0.1;7811;2283;5528;1098;2658.67;7.34;7.2
2027-12-26;13.8;10.3;9.8;0.1;7992;2186;5806;1098;2916.28;7.21;7.2
2027-12-27;13.6;9.9;9.5;0.1;7865;2037;5828;1098;3141.46;7.65;7.2
2027-12-28;13.9;10.7;9.7;0.1;7861;2081;5780;1098;3049.71;7.45;7.2
2027-12-29;13.6;10.2;9.6;0.1;7881;2037;5844;1098;3150.08;7.53;7.2
2027-12-30;13.2;9.3;8.9;0.1;7891;2135;5756;1098;2960.23;7.29;7.2
2027-12-31;13.9;10.4;9.8;0.1;8042;2352;5690;1098;2656.3;7.93;7.2
2028-01-01;13.3;9.2;8.9;0.1;7888;2075;5813;1098;3075.99;7.49;7.2
2028-01-02;14;9.4;9.4;0.1;8009;2348;5661;1098;2647.26;7.71;7.2
2028-01-03;13.2;9.4;9.5;0.1;7900;2328;5572;1098;2628.03;7.59;7.2
2028-01-04;13.7;9.6;9.3;0.1;7913;2338;5575;1098;2618.2;7.98;7.2
2028-01-05;13.2;10.8;9.9;0.1;8004;2195;5809;1098;2905.82;7.12;7.2
2028-01-06;13.4;10.7;9.7;0.1;7867;2061;5806;1098;3093.15;7.2;7.2
2028-01-07;13.9;10.3;9.6;0.1;7939;2201;5738;1098;2862.48;7.47;7.2
2028-01-08;13.7;10.6;9.7;0.1;7870;2212;5658;1098;2808.54;7.2;7.2
2028-01-09;13.6;9.6;9.2;0.1;7821;2121;5700;1098;2950.78;7.72;7.2
2028-01-10;13.6;9.5;9.2;0.1;8029;2387;5642;1098;2595.27;7.31;7.2
2028-01-11;13.9;10.1;9.5;0.1;7996;2166;5830;1098;2955.37;7.22;7.2
2028-01-12;13.2;9.8;9.4;0.1;7888;2275;5613;1098;2709.04;7.11;7.2
2028-01-13;13.6;9.2;9.1;0.1;7839;2247;5592;1098;2732.54;7.37;7.2
2028-01-14;13.4;9.6;9.4;0.1;7851;2073;5778;1098;3060.42;7.81;7.2
2028-01-15;13.5;10.4;9.9;0.1;7937;1999;5938;1098;3261.59;7.18;7.2
2028-01-16;13.6;10;9.5;0.1;7977;2387;5590;1098;2571.35;7.35;7.2
2028-01-17;14;10;9.5;0.1;7883;2126;5757;1098;2973.28;7.52;7.2
2028-01-18;14;9.8;9.4;0.1;7972;2318;5654;1098;2678.21;7.79;7.2
2028-01-19;13.3;9.8;9.3;0.1;7919;2235;5684;1098;2792.41;7.96;7.2
2028-01-20;13.8;10.6;9.8;0.1;7871;2033;5838;1098;3153.04;7.11;7.2
2028-01-21;13.9;10.8;9.8;0.1;7976;2212;5764;1098;2861.15;7.1;7.2
2028-01-22;13.1;10.9;9.9;0.1;7961;2054;5907;1098;3157.69;7.91;7.2
2028-01-23;13.8;10.7;10;0.1;7848;2293;5555;1098;2660;7.23;7.2
2028-01-24;13.8;10.1;9.6;0.1;7906;2188;5718;1098;2869.45;7.58;7.2
2028-01-25;13.1;9.7;9.5;0.1;7957;2039;5918;1098;3186.84;7.61;7.2
2028-01-26;13.1;9.6;9.3;0.1;7873;2161;5712;1098;2902.26;7.75;7.2
2028-01-27;13.7;9.6;9.3;0.1;8065;2234;5831;1098;2865.91;7.88;7.2
2028-01-28;14;10.3;9.8;0.1;8032;2396;5636;1098;2582.77;7.9;7.2
2028-01-29;13.1;10.1;9.5;0.1;8077;2200;5877;1098;2933.16;7.66;7.2
2028-01-30;13.3;9.8;9.4;0.1;7909;2194;5715;1098;2860.1;7.22;7.2
2028-01-31;13.6;10.4;9.8;0.1;7870;2026;5844;1098;3167.18;7.34;7.2
2028-02-01;13;9;8.6;0.1;8013;2347;5666;1098;2650.73;7.02;7.2
2028-02-02;14;10.2;9.7;0.1;7913;2174;5739;1098;2898.54;7.1;7.2
2028-02-03;13;10.5;9.8;0.1;7842;2119;5723;1098;2965.48;7.41;7.2
2028-02-04;13.4;9.2;9;0.1;8022;2110;5912;1098;3076.48;7.5;7.2
2028-02-05;13.8;9;8.5;0.1;8064;2113;5951;1098;3092.38;7.61;7.2
2028-02-06;13.3;9.7;9.3;0.1;7828;2305;5523;1098;2630.91;7.03;7.2
2028-02-07;13.9;9.4;8.9;0.1;8028;2104;5924;1098;3091.52;7.98;7.2
2028-02-08;13.4;10.6;9.8;0.1;7871;2342;5529;1098;2592.16;7.28;7.2
2028-02-09;13.8;10;9.5;0.1;7861;2180;5681;1098;2861.35;7.33;7.2
2028-02-10;14;9.6;9.3;0.1;7807;2339;5468;1098;2566.85;7.46;7.2
2028-02-11;13.3;9.3;9.4;0.1;8079;2282;5797;1098;2789.27;7.39;7.2
2028-02-12;13.2;10.8;9.6;0.1;7814;2070;5744;1098;3046.82;7.55;7.2
2028-02-13;13.4;9;9.1;0.1;7969;2064;5905;1098;3141.32;7.05;7.2
2028-02-14;13.8;10.1;9.6;0.1;7840;2189;5651;1098;2834.54;7.26;7.2
2028-02-15;13.4;9.6;9.1;0.1;7918;2126;5792;1098;2991.35;7.24;7.2
2028-02-16;13.9;10;9.5;0.1;7830;2016;5814;1098;3166.55;7.69;7.2
2028-02-17;13.7;9.5;9.1;0.1;7917;2061;5856;1098;3119.79;7.6;7.2
2028-02-18;13.4;9.9;9.4;0.1;7892;2139;5753;1098;2953.15;7.98;7.2
2028-02-19;14;9.1;8.8;0.1;7837;2014;5823;1098;3174.6;7.32;7.2
2028-02-20;13.7;10.7;9.9;0.1;8051;2236;5815;1098;2855.49;7.03;7.2
2028-02-21;13.1;9.9;9.4;0.1;7920;2112;5808;1098;3019.5;7.04;7.2
2028-02-22;13.9;9;9.3;0.1;7979;2380;5599;1098;2583.07;7.23;7.2
2028-02-23;13.3;10;9.5;0.1;7921;1981;5940;1098;3292.34;7.97;7.2
2028-02-24;13.9;9.6;9.2;0.1;8039;2088;5951;1098;3129.41;7.17;7.2
2028-02-25;13.2;10.2;9.5;0.1;8081;2126;5955;1098;3075.54;7.75;7.2
2028-02-26;14;10.8;9.6;0.1;7872;2293;5579;1098;2671.5;7.42;7.2
2028-02-27;13.4;10.6;10;0.1;8063;2416;5647;1098;2566.39;7.72;7.2
2028-02-28;13.5;10.4;9.5;0.1;7848;2229;5619;1098;2767.91;7.51;7.2
2028-02-29;13.7;10.5;10;0.1;7902;2309;5593;1098;2659.64;7.45;7.2
2028-03-01;13.3;9.5;9.3;0.1;7836;2204;5632;1098;2805.78;7.42;7.2
2028-03-02;13.3;10.7;10.1;0.1;7801;2144;5657;1098;2897.1;7.68;7.2
2028-03-03;13.7;10.2;9.6;0.1;8057;2334;5723;1098;2692.31;7.87;7.2
2028-03-04;13.5;10.2;9.7;0.1;8093;2210;5883;1098;2922.87;7.01;7.2
2028-03-05;13.9;9.4;9.2;0.1;7830;2190;5640;1098;2827.73;7.82;7.2
2028-03-06;13.5;9.9;9.4;0.1;7862;2004;5858;1098;3209.62;7.55;7.2
2028-03-07;13.8;9.6;9.3;0.1;7883;2075;5808;1098;3073.34;7.11;7.2
2028-03-08;13.4;10.8;9.8;0.1;7888;2149;5739;1098;2932.26;7.88;7.2
2028-03-09;13.1;9.7;9.4;0.1;7913;2372;5541;1098;2564.93;7.71;7.2
2028-03-10;13;10.1;9.6;0.1;7837;2146;5691;1098;2911.8;7.96;7.2
2028-03-11;13.9;9.4;9.4;0.1;7912;2238;5674;1098;2783.76;7.85;7.2
2028-03-12;13.4;10.5;9.6;0.1;7882;2208;5674;1098;2821.58;7.66;7.2
2028-03-13;13.1;9.3;9.2;0.1;7994;2039;5955;1098;3206.76;7.57;7.2
2028-03-14;13.5;9.1;9.4;0.1;7928;2203;5725;1098;2853.4;7.67;7.2
2028-03-15;13.1;9.1;8.9;0.1;7906;2146;5760;1098;2947.1;7.3;7.2
2028-03-16;13.5;10.9;10;0.1;7879;2021;5858;1098;3182.62;7.41;7.2
2028-03-17;13.6;9.6;9.4;0.1;7897;2228;5669;1098;2793.79;7.59;7.2
2028-03-18;13.7;10.3;9.8;0.1;8076;2138;5938;1098;3049.54;7.82;7.2
2028-03-19;13.8;10.3;9.6;0.1;7840;1966;5874;1098;3280.6;7.02;7.2
2028-03-20;13.7;9.8;9.4;0.1;7957;2104;5853;1098;3054.46;7.25;7.2
2028-03-21;13.5;10.7;9.9;0.1;8050;2403;5647;1098;2580.28;7.76;7.2
2028-03-22;13.6;10;9.5;0.1;7825;2291;5534;1098;2652.26;7.54;7.2
2028-03-23;13;9.1;9.3;0.1;7839;2273;5566;1098;2688.72;8;7.2
2028-03-24;13.4;9.5;9.5;0.1;7957;2005;5952;1098;3259.5;7.19;7.2
2028-03-25;13.5;10.3;9.7;0.1;8096;2372;5724;1098;2649.64;7.73;7.2
2028-03-26;13.6;10.2;9.7;0.1;7919;2051;5868;1098;3141.43;7.03;7.2
2028-03-27;13.4;9.4;9.4;0.1;7829;2246;5583;1098;2729.36;7.99;7.2
2028-03-28;13.9;10;9.5;0.1;8029;2309;5720;1098;2720.03;7.41;7.2
2028-03-29;13.1;9.3;9.4;0.1;8099;2144;5955;1098;3049.72;7.99;7.2
2028-03-30;13.5;10.1;9.5;0.1;7998;2053;5945;1098;3179.55;7.27;7.2
2028-03-31;13.5;9.4;9.2;0.1;8008;2249;5759;1098;2811.64;7.7;7.2
2028-04-01;13.1;10.3;9.7;0.1;8086;2052;6034;1098;3228.72;7.76;7.2
2028-04-02;13.1;9.1;9.1;0.1;7925;2339;5586;1098;2622.24;7.75;7.2
2028-04-03;13.2;10.7;10.1;0.1;7927;2226;5701;1098;2812.08;7.37;7.2
2028-04-04;13.6;9.5;9.2;0.1;7911;2254;5657;1098;2755.72;7.54;7.2
2028-04-05;13.3;9.7;9.4;0.1;7985;1999;5986;1098;3287.96;7.63;7.2
2028-04-06;13.9;10.2;9.6;0.1;8011;2052;5959;1098;3188.59;7.55;7.2
2028-04-07;13.4;10.2;9.5;0.1;7908;2340;5568;1098;2612.68;7.26;7.2
2028-04-08;13.8;9.5;9.4;0.1;7850;2305;5545;1098;2641.39;7.89;7.2
2028-04-09;13.9;9.5;9.2;0.1;8053;2357;5696;1098;2653.46;7.08;7.2
2028-04-10;13.9;10.1;9.5;0.1;8019;2189;5830;1098;2924.32;7.87;7.2
2028-04-11;13;9.1;9.3;0.1;8099;2147;5952;1098;3043.92;7.62;7.2
2028-04-12;13.7;10.1;9.6;0.1;7817;2104;5713;1098;2981.4;7.99;7.2
2028-04-13;13.2;9.9;9.4;0.1;7891;2031;5860;1098;3168.04;7.95;7.2
2028-04-14;13.9;9.4;9.4;0.1;8059;2315;5744;1098;2724.37;7.1;7.2
2028-04-15;13.4;10;9.5;0.1;7882;2109;5773;1098;3005.57;7.83;7.2
2028-04-16;13.3;9.6;9.4;0.1;8063;2296;5767;1098;2757.91;7.27;7.2
2028-04-17;13.6;9.7;9.4;0.1;7875;2017;5858;1098;3188.94;7.96;7.2
2028-04-18;13.6;9.4;9.4;0.1;8097;2222;5875;1098;2903.13;7.23;7.2
2028-04-19;13.5;10.7;10.1;0.1;7992;2004;5988;1098;3280.85;7.33;7.2
2028-04-20;13.9;10.1;9.6;0.1;7996;2282;5714;1098;2749.33;7.6;7.2
2028-04-21;13.8;9.7;9.4;0.1;7807;2187;5620;1098;2821.56;7.4;7.2
2028-04-22;13.4;9.4;9.2;0.1;8044;2344;5700;1098;2670.05;7.53;7.2
2028-04-23;13.7;9.4;9.2;0.1;8011;2225;5786;1098;2855.29;7.34;7.2
2028-04-24;13.6;9.9;9.5;0.1;7951;2280;5671;1098;2731.03;7.61;7.2
2028-04-25;13.5;10.5;9.6;0.1;8070;2317;5753;1098;2726.28;7.55;7.2
2028-04-26;13.6;9.5;9.1;0.1;7843;2102;5741;1098;2998.87;7.46;7.2
2028-04-27;13.5;11;10;0.1;7989;2049;5940;1098;3183.07;7.29;7.2
2028-04-28;13.7;9.8;9.4;0.1;7813;2297;5516;1098;2636.73;7.53;7.2
2028-04-29;13.8;10.8;9.8;0.1;7821;2208;5613;1098;2791.25;7.54;7.2
2028-04-30;13.1;10.3;9.6;0.1;7978;2309;5669;1098;2695.78;7.56;7.2
2028-05-01;13.6;10.4;9.6;0.1;7993;2212;5781;1098;2869.59;7.83;7.2
2028-05-02;13.2;9.6;9.4;0.1;8069;2398;5671;1098;2596.65;7.74;7.2
2028-05-03;13.8;10.9;9.5;0.1;8093;2174;5919;1098;2989.45;7.56;7.2
2028-05-04;13.2;9.1;8.7;0.1;7955;2195;5760;1098;2881.31;7.32;7.2
2028-05-05;13.5;10.2;9.6;0.1;7865;2225;5640;1098;2783.24;7.66;7.2
2028-05-06;13.8;10.1;9.6;0.1;7875;2141;5734;1098;2940.65;7.81;7.2
2028-05-07;13.9;10;9.5;0.1;7880;2293;5587;1098;2675.33;7.7;7.2
2028-05-08;13.9;10.1;9.6;0.1;8050;2304;5746;1098;2738.33;7.32;7.2
2028-05-09;13.6;9;8.6;0.1;7871;2359;5512;1098;2565.57;7.14;7.2
2028-05-10;13.8;10.6;9.8;0.1;7821;2322;5499;1098;2600.3;7.41;7.2
2028-05-11;13.5;10.6;9.9;0.1;7809;2102;5707;1098;2981.11;7.04;7.2
2028-05-12;13.4;9.3;9.4;0.1;8076;2193;5883;1098;2945.52;7.82;7.2
2028-05-13;13.5;9.7;9.3;0.1;7967;2032;5935;1098;3207;7.89;7.2
2028-05-14;13.7;9.6;9.2;0.1;8051;2287;5764;1098;2767.32;7.45;7.2
2028-05-15;13.7;9.4;9;0.1;7947;2358;5589;1098;2602.51;7.1;7.2
2028-05-16;13.6;9.6;9.4;0.1;7859;1995;5864;1098;3227.4;7.5;7.2
2028-05-17;13.2;10.4;9.6;0.1;7966;2012;5954;1098;3249.25;7.69;7.2
2028-05-18;13.7;10.4;9.9;0.1;7811;2153;5658;1098;2885.5;7.15;7.2
2028-05-19;13.3;9.2;9.4;0.1;7924;2095;5829;1098;3055.01;7.48;7.2
2028-05-20;13.1;10.9;10.1;0.1;7848;2175;5673;1098;2863.89;7.61;7.2
2028-05-21;13;9.2;9.1;0.1;7954;2160;5794;1098;2945.28;7.17;7.2
2028-05-22;13.8;9.4;9.1;0.1;8070;2409;5661;1098;2580.23;7.01;7.2
2028-05-23;13.9;9.5;9.2;0.1;8025;2092;5933;1098;3113.97;7.64;7.2
2028-05-24;13.2;9.2;8.7;0.1;8083;2204;5879;1098;2928.83;7.14;7.2
2028-05-25;13.4;10.1;9.5;0.1;7970;2360;5610;1098;2610.08;7.63;7.2
2028-05-26;13.4;9.4;9.3;0.1;7849;2287;5562;1098;2670.34;7.87;7.2
2028-05-27;13.2;9.6;9.3;0.1;7871;1974;5897;1098;3280.09;7.24;7.2
2028-05-28;13.7;9.3;9.3;0.1;8066;2373;5693;1098;2634.18;7.24;7.2
2028-05-29;13.4;10.7;9.6;0.1;7916;2199;5717;1098;2854.6;7.83;7.2
2028-05-30;13.9;9.6;9.4;0.1;7809;2332;5477;1098;2578.79;7.12;7.2
2028-05-31;13.9;9.1;9.4;0.1;7902;2241;5661;1098;2773.66;7.19;7.2
2028-06-01;13.5;9.6;9.5;0.1;7956;2174;5782;1098;2920.26;7.57;7.2
2028-06-02;13.3;11;10.1;0.1;7993;2344;5649;1098;2646.16;7.25;7.2
2028-06-03;13.3;9.3;9;0.1;8024;2123;5901;1098;3051.95;7.19;7.2
2028-06-04;14;9.6;9.3;0.1;7975;2249;5726;1098;2795.53;7.01;7.2
2028-06-05;13.6;10.1;9.5;0.1;8042;2235;5807;1098;2852.83;7.15;7.2
2028-06-06;13.2;10.8;9.9;0.1;8099;2217;5882;1098;2913.14;7.39;7.2
2028-06-07;14;10.6;10;0.1;7956;2090;5866;1098;3081.76;7.21;7.2
2028-06-08;13.6;10.4;9.7;0.1;7892;2043;5849;1098;3143.52;7.83;7.2
2028-06-09;13.2;10.6;9.6;0.1;7970;2295;5675;1098;2715.1;7.73;7.2
2028-06-10;13.4;9.7;9.5;0.1;7892;2302;5590;1098;2666.3;7.18;7.2
2028-06-11;13.9;9.5;9.3;0.1;7833;2177;5656;1098;2852.68;7.19;7.2
2028-06-12;13.9;9.3;9;0.1;7997;2092;5905;1098;3099.28;7.44;7.2
2028-06-13;13.2;10.6;10.1;0.1;7928;2229;5699;1098;2807.31;7.13;7.2
2028-06-14;13.1;9.4;9.3;0.1;8058;2143;5915;1098;3030.64;7.09;7.2
2028-06-15;13.7;9.8;9.5;0.1;7964;2009;5955;1098;3254.65;7.26;7.2
2028-06-16;13.3;9.9;9.5;0.1;7883;2292;5591;1098;2678.41;7.6;7.2
2028-06-17;13.4;10.1;9.5;0.1;7847;2073;5774;1098;3058.3;7.39;7.2
2028-06-18;13.5;9.5;9.4;0.1;8016;2373;5643;1098;2611.05;7.42;7.2
2028-06-19;13.4;9.4;9.1;0.1;7977;2107;5870;1098;3058.97;7.84;7.2
2028-06-20;13.9;10.5;9.9;0.1;7950;2124;5826;1098;3011.75;7.78;7.2
2028-06-21;13.8;9.6;9.3;0.1;7944;2258;5686;1098;2764.94;7.07;7.2
2028-06-22;13.5;10.8;10.1;0.1;8088;2328;5760;1098;2716.7;7.77;7.2
2028-06-23;13.8;10.5;9.6;0.1;7899;2024;5875;1098;3187.13;7.97;7.2
2028-06-24;13.8;9.9;9.5;0.1;7814;2077;5737;1098;3032.85;7.28;7.2
2028-06-25;13.1;9.4;9;0.1;7926;2042;5884;1098;3163.87;7.77;7.2
2028-06-26;13.7;10.1;9.5;0.1;7805;2061;5744;1098;3060.12;7.31;7.2
2028-06-27;13.1;9.7;9.4;0.1;8031;2274;5757;1098;2779.77;7.07;7.2
2028-06-28;13.1;9.5;9.5;0.1;8095;2412;5683;1098;2587.04;7.3;7.2
2028-06-29;14;10.9;10.1;0.1;7909;2159;5750;1098;2924.27;7.75;7.2
2028-06-30;13.4;9.8;9.4;0.1;8096;2284;5812;1098;2794.04;7.16;7.2
2028-07-01;13.8;10.3;9.6;0.1;7920;2364;5556;1098;2580.58;7.38;7.2
2028-07-02;13.2;10.4;9.7;0.1;7969;2195;5774;1098;2888.32;7.8;7.2
2028-07-03;13.6;10.7;9.9;0.1;8069;2063;6006;1098;3196.6;7.61;7.2
2028-07-04;13.7;10.4;9.6;0.1;7829;2154;5675;1098;2892.83;7.95;7.2
2028-07-05;13.1;10.6;9.6;0.1;8034;2147;5887;1098;3010.68;7.63;7.2
2028-07-06;13.2;9.2;9.4;0.1;7865;2231;5634;1098;2772.81;7.36;7.2
2028-07-07;13.5;9.7;9.4;0.1;7974;2288;5686;1098;2728.68;7.28;7.2
2028-07-08;13.2;9.2;9.2;0.1;8073;2172;5901;1098;2983.1;7.68;7.2
2028-07-09;13.8;9.1;8.7;0.1;8027;2015;6012;1098;3276.02;7.89;7.2
2028-07-10;13.6;9.4;9.2;0.1;7889;2108;5781;1098;3011.17;7.46;7.2
2028-07-11;13.8;9.9;9.5;0.1;8078;2131;5947;1098;3064.2;7.94;7.2
2028-07-12;14;10.4;9.5;0.1;7975;2286;5689;1098;2732.51;7.93;7.2
2028-07-13;13.7;10.6;9.9;0.1;7834;2289;5545;1098;2659.86;7.37;7.2
2028-07-14;13.1;10.1;9.5;0.1;7919;1989;5930;1098;3273.57;7.83;7.2
2028-07-15;13.3;9.9;9.4;0.1;7892;2302;5590;1098;2666.3;7.72;7.2
2028-07-16;13.9;9.1;9.2;0.1;8068;2095;5973;1098;3130.48;7.95;7.2
2028-07-17;13.7;10;9.5;0.1;7931;2339;5592;1098;2625.06;7.38;7.2
2028-07-18;13.1;10.1;9.5;0.1;7918;2107;5811;1098;3028.23;7.15;7.2
2028-07-19;13.9;9.1;8.8;0.1;8045;2138;5907;1098;3033.62;7.2;7.2
2028-07-20;13.1;9.2;9.3;0.1;7920;2055;5865;1098;3133.71;7.67;7.2
2028-07-21;13.2;9.3;9.3;0.1;7805;1978;5827;1098;3234.6;7.16;7.2
2028-07-22;13.1;10.1;9.5;0.1;7972;2008;5964;1098;3261.19;7.44;7.2
2028-07-23;13.2;10.6;9.6;0.1;8094;2338;5756;1098;2703.2;7.84;7.2
2028-07-24;13.4;9.3;8.9;0.1;7837;1986;5851;1098;3234.84;7.73;7.2
2028-07-25;13.3;9.4;9.3;0.1;7948;2249;5699;1098;2782.35;7.25;7.2
2028-07-26;13.4;10.5;9.5;0.1;7857;1988;5869;1098;3241.53;7.81;7.2
2028-07-27;13.4;10.6;9.7;0.1;7947;2352;5595;1098;2611.95;7.96;7.2
2028-07-28;13.2;10.6;10;0.1;7810;2129;5681;1098;2929.89;7.5;7.2
2028-07-29;13.5;9.1;8.9;0.1;7940;2073;5867;1098;3107.56;7.17;7.2
2028-07-30;13.1;10.8;10.1;0.1;7947;2216;5731;1098;2839.64;7.19;7.2
2028-07-31;13.4;9.2;9.2;0.1;7917;2083;5834;1098;3075.24;7.93;7.2
2028-08-01;13.9;9.7;9.4;0.1;7808;2293;5515;1098;2640.85;7.1;7.2
2028-08-02;13;9.8;9.3;0.1;8094;2347;5747;1098;2688.63;7.82;7.2
2028-08-03;14;9.6;9.4;0.1;7875;2258;5617;1098;2731.38;7.71;7.2
2028-08-04;13.1;10.9;9.7;0.1;8008;2303;5705;1098;2719.97;7.53;7.2
2028-08-05;13.6;9.5;9.4;0.1;8096;2332;5764;1098;2713.92;7.53;7.2
2028-08-06;13.1;10.2;9.7;0.1;7980;2094;5886;1098;3086.36;7.85;7.2
2028-08-07;13.4;10.1;9.5;0.1;7811;2225;5586;1098;2756.6;7.97;7.2
2028-08-08;13.1;9.2;9.1;0.1;7836;2268;5568;1098;2695.62;7.35;7.2
2028-08-09;13.2;10.8;9.6;0.1;8012;2171;5841;1098;2954.13;7.78;7.2
2028-08-10;13.1;9.3;8.9;0.1;7946;2052;5894;1098;3153.81;7.85;7.2
2028-08-11;13.5;9.4;9.4;0.1;7858;2179;5679;1098;2861.65;7.38;7.2
2028-08-12;13.2;10.8;10.2;0.1;7953;2074;5879;1098;3112.41;7.48;7.2
2028-08-13;13.7;10;9.5;0.1;7831;2017;5814;1098;3164.98;7.69;7.2
2028-08-14;13.6;10.2;9.7;0.1;7877;2015;5862;1098;3194.28;7.61;7.2
2028-08-15;13.3;9.5;9.2;0.1;7922;2022;5900;1098;3203.86;7.93;7.2
2028-08-16;13.6;10.1;9.5;0.1;8011;2356;5655;1098;2635.48;7.49;7.2
2028-08-17;13.7;9.1;9.2;0.1;7842;2177;5665;1098;2857.22;7.85;7.2
2028-08-18;13.8;9.6;9.3;0.1;7865;2014;5851;1098;3189.87;7.77;7.2
2028-08-19;13.6;9;9.2;0.1;8050;2371;5679;1098;2629.92;7.73;7.2
2028-08-20;13.5;10.9;9.6;0.1;7933;2196;5737;1098;2868.5;7.21;7.2
2028-08-21;13.3;11;10.1;0.1;7805;2051;5754;1098;3080.4;7.98;7.2
2028-08-22;13.5;10.1;9.5;0.1;8013;2204;5809;1098;2893.96;7.99;7.2
2028-08-23;13.5;10.7;9.9;0.1;7832;2114;5718;1098;2969.9;7.35;7.2
2028-08-24;13.8;9.2;9.4;0.1;7819;2026;5793;1098;3139.54;7.44;7.2
2028-08-25;13.4;10.4;9.6;0.1;7818;2305;5513;1098;2626.15;7.72;7.2
2028-08-26;13.7;9.8;9.5;0.1;7926;2124;5802;1098;2999.34;7.56;7.2
2028-08-27;13.8;10.7;10;0.1;8089;2325;5764;1098;2722.1;7.76;7.2
2028-08-28;13.1;9.2;9.3;0.1;8029;2235;5794;1098;2846.45;7.47;7.2
2028-08-29;13.1;9.9;9.5;0.1;7938;2259;5679;1098;2760.31;7.07;7.2
2028-08-30;13.7;10;9.5;0.1;7806;2025;5781;1098;3134.59;7.25;7.2
2028-08-31;13.4;11;9.9;0.1;8044;2059;5985;1098;3191.61;7.18;7.2
2028-09-01;13.3;10.4;9.8;0.1;7941;2007;5934;1098;3246.4;7.96;7.2
2028-09-02;13.3;10.5;9.9;0.1;7899;2257;5642;1098;2744.76;7.77;7.2
2028-09-03;13.4;10.7;10;0.1;7917;2106;5811;1098;3029.67;7.38;7.2
2028-09-04;13.6;10.3;9.5;0.1;7837;1969;5868;1098;3272.25;7.48;7.2
2028-09-05;13.1;9.2;9.3;0.1;7992;2355;5637;1098;2628.21;7.51;7.2
2028-09-06;13.8;10.2;9.5;0.1;7911;2336;5575;1098;2620.44;7.14;7.2
2028-09-07;13.9;9.7;9.4;0.1;7922;2135;5787;1098;2976.17;7.4;7.2
2028-09-08;14;10.3;9.6;0.1;7933;2132;5801;1098;2987.57;7.21;7.2
2028-09-09;13.8;10;9.5;0.1;7893;2247;5646;1098;2758.93;7.91;7.2
2028-09-10;13.8;9.9;9.5;0.1;7887;2075;5812;1098;3075.46;7.87;7.2
2028-09-11;13.7;10.5;9.9;0.1;7861;2111;5750;1098;2990.76;7.22;7.2
2028-09-12;13.9;10.4;9.7;0.1;7966;2299;5667;1098;2706.55;7.86;7.2
2028-09-13;13.3;9.6;9.3;0.1;7875;2282;5593;1098;2691.11;7.89;7.2
2028-09-14;13.6;10.5;9.7;0.1;7888;2288;5600;1098;2687.41;7.56;7.2
2028-09-15;14;9.7;9.3;0.1;7898;2070;5828;1098;3091.37;7.14;7.2
2028-09-16;13.1;9.1;9.2;0.1;8042;2056;5986;1098;3196.8;7.02;7.2
2028-09-17;13.3;10.4;9.8;0.1;8016;2213;5803;1098;2879.21;7.63;7.2
2028-09-18;13.6;9.2;9.4;0.1;7880;1990;5890;1098;3249.86;7.51;7.2
2028-09-19;13.4;10.1;9.5;0.1;8076;2144;5932;1098;3037.94;7.83;7.2
2028-09-20;13.4;9.8;9.3;0.1;7892;2348;5544;1098;2592.55;7.13;7.2
2028-09-21;13.3;9.1;9.1;0.1;7901;2221;5680;1098;2808.03;7.77;7.2
2028-09-22;13.5;10.1;9.5;0.1;8012;2186;5826;1098;2926.33;7.75;7.2
2028-09-23;13.5;10.3;9.6;0.1;7855;2032;5823;1098;3146.48;7.64;7.2
2028-09-24;13.2;10.5;10;0.1;7864;1994;5870;1098;3232.33;7.27;7.2
2028-09-25;13;10.4;9.8;0.1;7968;2115;5853;1098;3038.58;7.78;7.2
2028-09-26;13.6;11;10;0.1;7986;2201;5785;1098;2885.93;7.38;7.2
2028-09-27;13.5;9.8;9.3;0.1;7809;2041;5768;1098;3103.02;7.87;7.2
2028-09-28;13.2;9.6;9.5;0.1;7883;2139;5744;1098;2948.53;7.27;7.2
2028-09-29;13;9.2;9.3;0.1;7904;2074;5830;1098;3086.47;7.72;7.2
2028-09-30;13.3;9.3;9;0.1;7917;2372;5545;1098;2566.78;7.26;7.2
2028-10-01;13.8;9.4;9;0.1;7807;2176;5631;1098;2841.38;7.77;7.2
2028-10-02;14;9.7;9.4;0.1;7944;2230;5714;1098;2813.44;7.21;7.2
2028-10-03;13;9.8;9.3;0.1;8057;2029;6028;1098;3262.07;7.75;7.2
2028-10-04;13.5;9.1;9.3;0.1;7942;2044;5898;1098;3168.3;7.26;7.2
2028-10-05;13.1;10.6;9.6;0.1;7864;2185;5679;1098;2853.79;7.14;7.2
2028-10-06;13.1;10.8;9.8;0.1;7981;2369;5612;1098;2601.09;7.53;7.2
2028-10-07;14;9.5;9;0.1;7969;2386;5583;1098;2569.21;7.75;7.2
2028-10-08;13.4;9.5;9.1;0.1;7931;1987;5944;1098;3284.61;7.83;7.2
2028-10-09;13.6;10.3;9.7;0.1;7874;2245;5629;1098;2753.07;7.31;7.2
2028-10-10;13.6;10.6;10;0.1;7896;2266;5630;1098;2728.04;7.62;7.2
2028-10-11;13.1;9.7;9.4;0.1;8077;2125;5952;1098;3075.43;7.36;7.2
2028-10-12;13.5;10.2;9.6;0.1;8087;2087;6000;1098;3156.68;7.39;7.2
2028-10-13;13.3;10.2;9.6;0.1;7893;2030;5863;1098;3171.22;7.5;7.2
2028-10-14;13.2;10.8;10.1;0.1;8038;2169;5869;1098;2971.03;7.24;7.2
2028-10-15;13.8;9.8;9.4;0.1;8066;2206;5860;1098;2916.72;7.09;7.2
2028-10-16;13.4;10.7;10;0.1;7821;2146;5675;1098;2903.61;7.55;7.2
2028-10-17;13.9;9.2;8.9;0.1;7959;2360;5599;1098;2604.96;7.08;7.2
2028-10-18;13.3;9.9;9.4;0.1;7991;2234;5757;1098;2829.54;7.98;7.2
2028-10-19;13;9;8.6;0.1;7937;1988;5949;1098;3285.72;7.32;7.2
2028-10-20;13.9;10.7;9.8;0.1;7983;2211;5772;1098;2866.42;7.61;7.2
2028-10-21;13.1;10.4;9.5;0.1;7804;2174;5630;1098;2843.49;7.15;7.2
2028-10-22;13.6;10.7;9.8;0.1;8016;2031;5985;1098;3235.61;7.87;7.2
2028-10-23;13.1;10.6;9.6;0.1;7878;2168;5710;1098;2891.87;7.66;7.2
2028-10-24;13.2;9.4;9.3;0.1;7924;2180;5744;1098;2893.08;7.05;7.2
2028-10-25;13.9;9;9.4;0.1;8089;2323;5766;1098;2725.38;7.66;7.2
2028-10-26;13.9;10;9.5;0.1;7832;2243;5589;1098;2735.94;7.4;7.2
2028-10-27;13.2;10.8;10.1;0.1;7825;2089;5736;1098;3014.9;7.57;7.2
2028-10-28;13.7;9.2;9.3;0.1;7967;2079;5888;1098;3109.68;7.55;7.2
2028-10-29;13.9;9.6;9.3;0.1;7922;2344;5578;1098;2612.9;7.94;7.2
2028-10-30;13.7;10.2;9.5;0.1;7861;1998;5863;1098;3222.01;7.39;7.2
2028-10-31;13.2;10.4;9.8;0.1;7970;2171;5799;1098;2932.89;7.79;7.2
2028-11-01;13.3;9.6;9.2;0.1;7943;2047;5896;1098;3162.58;7.76;7.2
2028-11-02;13.2;9.6;9.5;0.1;7942;2027;5915;1098;3204.08;7.94;7.2
2028-11-03;13.3;10.6;9.7;0.1;7969;2118;5851;1098;3033.24;7.62;7.2
2028-11-04;13.8;10.1;9.5;0.1;7964;2249;5715;1098;2790.16;7.38;7.2
2028-11-05;13.7;10.2;9.5;0.1;8089;2273;5816;1098;2809.49;7.98;7.2
2028-11-06;13.6;9.8;9.5;0.1;8028;2033;5995;1098;3237.83;7.49;7.2
2028-11-07;13.1;10;9.5;0.1;7975;2161;5814;1098;2954.08;7.07;7.2
2028-11-08;13.4;10.4;9.7;0.1;7821;1997;5824;1098;3202.18;7.24;7.2
2028-11-09;13.5;9.4;9.4;0.1;7803;2323;5480;1098;2590.2;7.65;7.2
2028-11-10;13.6;10.1;9.6;0.1;7903;2051;5852;1098;3132.86;7.48;7.2
2028-11-11;13.7;10.6;9.5;0.1;7805;2162;5643;1098;2865.87;7.63;7.2
2028-11-12;13.4;9.8;9.4;0.1;7814;2138;5676;1098;2914.99;7.3;7.2
2028-11-13;13.9;9.1;9.2;0.1;8014;2134;5880;1098;3025.42;7.91;7.2
2028-11-14;13.2;10.9;9.6;0.1;7847;2186;5661;1098;2843.45;7.15;7.2
2028-11-15;13.5;9.1;8.7;0.1;7995;2348;5647;1098;2640.72;7.6;7.2
2028-11-16;13.2;9.8;9.5;0.1;7833;2173;5660;1098;2859.95;7.99;7.2
2028-11-17;13.5;9.9;9.4;0.1;7905;2042;5863;1098;3152.58;7.23;7.2
2028-11-18;13.1;9.1;9.2;0.1;8037;2113;5924;1098;3078.35;7.41;7.2
2028-11-19;13.5;10.1;9.6;0.1;7971;2022;5949;1098;3230.47;7.26;7.2
2028-11-20;13;9.2;9.4;0.1;7866;2011;5855;1098;3196.81;7.3;7.2
2028-11-21;13.1;9.1;8.9;0.1;7825;1974;5851;1098;3254.51;7.88;7.2
2028-11-22;14;9.9;9.5;0.1;7981;2094;5887;1098;3086.88;7.2;7.2
2028-11-23;13.3;10.8;9.7;0.1;8001;2148;5853;1098;2991.9;7.98;7.2
2028-11-24;13.7;9.3;9.1;0.1;7938;2061;5877;1098;3130.98;7.27;7.2
2028-11-25;13.6;9.3;9;0.1;8033;2324;5709;1098;2697.28;7.96;7.2
2028-11-26;14;10.1;9.6;0.1;7976;2252;5724;1098;2790.83;7.37;7.2
2028-11-27;13.2;9.5;9.4;0.1;8089;2383;5706;1098;2629.12;7.05;7.2
2028-11-28;13.5;11;10.3;0.1;7948;2382;5566;1098;2565.69;7.94;7.2
2028-11-29;13.7;9.5;9.3;0.1;7809;2017;5792;1098;3153.01;7.51;7.2
2028-11-30;13.6;9.8;9.5;0.1;8016;2153;5863;1098;2990.05;7.96;7.2
2028-12-01;13.9;9.7;9.2;0.1;7979;2304;5675;1098;2704.49;7.84;7.2
2028-12-02;13.7;10.3;9.6;0.1;7964;2160;5804;1098;2950.37;7.79;7.2
2028-12-03;13.8;11;9.8;0.1;8060;2399;5661;1098;2590.99;7.97;7.2
2028-12-04;13.5;9.5;9.1;0.1;7960;2019;5941;1098;3230.92;7.92;7.2
2028-12-05;13.9;9.7;9.3;0.1;8094;2225;5869;1098;2896.25;7.44;7.2
2028-12-06;13.9;9.1;9.3;0.1;8041;2025;6016;1098;3262.01;7.24;7.2
2028-12-07;13.5;9.2;8.9;0.1;7915;2126;5789;1098;2989.8;7.25;7.2
2028-12-08;13.2;9.6;9.2;0.1;8023;2090;5933;1098;3116.95;7.66;7.2
2028-12-09;13.9;9.2;9.4;0.1;7804;2184;5620;1098;2825.44;7.74;7.2
2028-12-10;13.9;10.6;10;0.1;7967;2059;5908;1098;3150.55;7.63;7.2
2028-12-11;13.4;9.3;9.1;0.1;7988;2295;5693;1098;2723.71;7.89;7.2
2028-12-12;13.8;9;9.4;0.1;7936;2135;5801;1098;2983.37;7.41;7.2
2028-12-13;13.5;10.1;9.6;0.1;7863;2133;5730;1098;2949.62;7.36;7.2
2028-12-14;13.8;10.1;9.6;0.1;7878;2118;5760;1098;2986.06;7.85;7.2
2028-12-15;13.2;10.6;9.7;0.1;7975;2164;5811;1098;2948.46;7.14;7.2
2028-12-16;13.1;10.8;9.7;0.1;8040;2250;5790;1098;2825.52;7.48;7.2
2028-12-17;13.7;9.4;9.5;0.1;8080;2192;5888;1098;2949.37;7.54;7.2
2028-12-18;13.1;9.2;9.5;0.1;8055;2088;5967;1098;3137.82;7.93;7.2
2028-12-19;13.5;10.8;10.2;0.1;7839;1984;5855;1098;3240.32;7.84;7.2
2028-12-20;13.2;9.7;9.5;0.1;7858;2060;5798;1098;3090.39;7.52;7.2
2028-12-21;13.7;10.8;9.9;0.1;7836;2134;5702;1098;2933.83;7;7.2
2028-12-22;13.5;9.7;9.3;0.1;7825;2099;5726;1098;2995.31;7.51;7.2
2028-12-23;13.1;9.5;9.3;0.1;7899;2213;5686;1098;2821.16;7.45;7.2
2028-12-24;13.6;10.2;9.6;0.1;7939;2039;5900;1098;3177.15;7.03;7.2
2028-12-25;13.1;10.8;9.8;0.1;7887;2155;5732;1098;2920.53;7;7.2
2028-12-26;13.8;10.4;9.7;0.1;7858;2177;5681;1098;2865.29;7.21;7.2
2028-12-27;13.9;10.5;9.8;0.1;7966;2212;5754;1098;2856.19;7.52;7.2
2028-12-28;13.6;10.8;9.9;0.1;7876;2308;5568;1098;2648.9;7.25;7.2
2028-12-29;13.6;10.6;9.8;0.1;7831;1998;5833;1098;3205.52;7.95;7.2
2028-12-30;13.4;10.7;9.6;0.1;8000;2341;5659;1098;2654.24;7.59;7.2
2028-12-31;13.2;9.7;9.4;0.1;7839;2203;5636;1098;2809.05;7.03;7.2
2029-01-01;13.2;9;8.9;0.1;7813;2202;5611;1098;2797.86;7.78;7.2
2029-01-02;13.8;10.5;9.8;0.1;7913;2125;5788;1098;2990.69;7.44;7.2
2029-01-03;13.7;9;9.2;0.1;8070;2303;5767;1098;2749.53;7.77;7.2
2029-01-04;13.9;10.2;9.6;0.1;7910;2176;5734;1098;2893.35;7.13;7.2
2029-01-05;13.2;9.6;9.2;0.1;8049;2350;5699;1098;2662.77;7.23;7.2
2029-01-06;13.8;9.9;9.4;0.1;7987;2019;5968;1098;3245.6;7.74;7.2
2029-01-07;13.3;10.1;9.6;0.1;7870;2309;5561;1098;2644.43;7.45;7.2
2029-01-08;13.1;10.3;9.5;0.1;8049;2069;5980;1098;3173.53;7.44;7.2
2029-01-09;13.4;9.2;9.2;0.1;7960;2083;5877;1098;3097.91;7.41;7.2
2029-01-10;13.4;9.4;9.1;0.1;7817;2226;5591;1098;2757.82;7.06;7.2
2029-01-11;13.2;10.9;9.8;0.1;7949;2318;5631;1098;2667.32;7.82;7.2
2029-01-12;13.4;9.7;9.2;0.1;8086;2096;5990;1098;3137.89;7.23;7.2
2029-01-13;13.4;9.3;8.9;0.1;7952;2334;5618;1098;2642.92;7.27;7.2
2029-01-14;13.9;9.7;9.3;0.1;8011;2171;5840;1098;2953.63;7.3;7.2
2029-01-15;13.3;10.6;10.1;0.1;7927;2249;5678;1098;2772.1;7.81;7.2
2029-01-16;13.8;9.6;9.3;0.1;7894;2123;5771;1098;2984.72;7.11;7.2
2029-01-17;13.8;10.4;9.8;0.1;7908;2007;5901;1098;3228.35;7.79;7.2
2029-01-18;13.7;10.2;9.6;0.1;7976;2240;5736;1098;2811.66;7.98;7.2
2029-01-19;13.6;9;8.7;0.1;7984;2343;5641;1098;2643.54;7.96;7.2
2029-01-20;13.2;9.9;9.4;0.1;7880;2033;5847;1098;3157.9;7.5;7.2
2029-01-21;13.5;9.4;9.2;0.1;7849;2279;5570;1098;2683.57;7.61;7.2
2029-01-22;13.3;9.5;9.2;0.1;7941;2357;5584;1098;2601.29;7.23;7.2
